review1,review2,review3
비린거 싫어하는 사람은 먹지마세요,"#유명세가아깝지않은맛집

유명하지만 다행히도 평일 점심 기준 자리 여유있는편
순대국밥자체도 맛있는데 정성스러운 반찬이 너무 다 맛있다....!
순대자체도 특색있고 재료 꽉꽉들어있다
다만 양념이 미리 부어져서 나오는건 유의!! 싱거운걸 좋아하는 나에게 살짝 짜게느껴졌다.

조만간 모든 메뉴 섭렵하기로 다짐함","만두와 순대 매니아 인데, 이곳의 순대를 보고 오랫동안 가고싶다 리스트에 올려두었다가 몇일전 드디어 가게 되었다.
몇일전 비온후 날씨가 선선해 야외 테이블에서 먹었는데 진짜 분위기랑 맛 모두다 최고..제일 유명한 순대와 도가니무침 그리고 순대국도 하나 먹었다. 이북식 순대라고 하셨나. 순대가 특이하게 숙주가 들어가는듯 했고 엄청 슴슴하면서 맛있다. 전혀 질기지 않으며, 오히려 속은 만두속이랑 흡사한 느낌! 진짜 맛있었음..특히 물김치가 엄청 깔끔한데 느끼한 안주들을 잘 잡아줌. 도가니는 워낙 재료 자체가 맛있는 거라 특별할건 없었고 사이드로 나오는 콩비지가 진짜 진하고 고소하다. 순대국도 엄청 혜자스러움.. 맑은 갈비탕같은 국물에 순대가 엄청 많이 들어가더라. 암튼 다 맛있고 다음에는 병어찜과 오징어튀김 순대를 먹으러 가야겠어요."
"집 근처인데도 잘 못가는 집ㅋㅋㅋㅋ오픈 시간 5시 30인줄 알고 갔는데 이미 30팀 넘게 웨이팅 하고 있어서 포장해서 집에서 먹은 기억이 있다. 오징어회랑 날치알의 조합이 톡톡 튀면서 맛있다. 익숙한데 색다르다.

⭐️오징어회 : 시그니쳐 메뉴.. 개인적으로 소스를 뿌려 먹는 것 보다는 찍어 먹는게 더 취향이라 포장해서 집에서 먹었을 때가 더 맛있었던것 같다^-^ 믿고 시키는 오징어회!

⭐️⭐️문어숙회+문어죽: 이게…. 사실 문어숙회 먹고 싶어서 시켰는데 문어죽이 너무 너무 맛있다 ㅋㅋㅋㅋ 양도 엄청 푸짐하게 주셔서 헉 이걸 어떻게 다 먹지?? 했는데 먹다보니 바닥을 긁고있는 나를 발견하게됨ㅋㅋㅋ 엄청 고소하고 약간 심심한데 계속 먹게된다..

새우뽕: 맛있고 자극적이다. 맵찔이들은 무조건 순한맛 시키자. 난 순한맛도 매웠다 ㅋㅋㅋ 로제가 유행하는 요새 트렌드에는 잘 맞는듯! 해산물을 정말 많이 넣어주시고 크림에 매운맛이 맛이 없을 수가 없지.. 집에 포장해서 베이컨 굽굽+ 새우뽕 + 치즈 투하하면 최고다 진짜","이만한 술집 찾기 힘들다~!
포뜬 산 오징어회도 정말 맛있고 새우뽕도 맛있다!! 저녁식사라고 기대하면 새우뽕은 새우6개+면이 거의 다라 다소 실망할수도 있지만 안주라고 보면 이만한게 없다
당연히 둘다 맛있었다
단점은 좁고 많이 기다린다 평일 6시쯤 갔는데 7시 정도에 들어간듯",.
"이번 제주여행에서는 반드시 고등어회를 먹고자 하였는데, 망플에서 보고 그나마 조금이라도 평점이 더 높은 미영이네로 향했습니다.

바닷가에 있는 횟집이지만 예상 외로 굉장히 깔끔하고 메뉴판 정리도 잘 되어있는 것 같고, 밑반찬도 과하게 많이 나오지 않고 메인디쉬에 집중하는 모습이었습니다.

그러다보니 고등어회가 나오기 전에 기대감이 좀 올라가고, 회를 기다리면서 양념야채를 한젓가락 먹었습니다. 와.. 적당하게 매콤하면서 정말 맛있었어요.

메뉴판에 적혀있는대로 김에 밥과 고등어를 올리고 양념야채와 마늘 쌈장을 올려 먹으니… 정말 감탄사가 나왔습니다. (김의 퀄리티도 꽤 좋았어요. 고소한 향이 일품이었어요.) 가이드라인에 따라 먹다보니 순식간에 슥삭이었습니다.

제주도 가시면 꼭 한번 들러보시기 바랍니다!","✦ 맛 4/5    분위기 3/5 재방문의사 O
✦ 포장해서 먹는걸 추천!!
 
제주에서 유명한 고등어횟집 중 한곳인 미영이네,
모슬포항 근처 여러 횟집이 있는데 미영이네만 줄이 엄~청 길다!
가게 내부에서 먹는건 애초에 포기하고 포장줄에 서서 포장을 해왔다.
 
아무래도 포장이다보니 숙소 가는길에 신선도가 떨어지지않을까 ㅠ 비린내가 나지 않을까 걱정했는데 생각보다 비리지도 않고,
고등어 회 뿐만 아니라 회를 별로 안좋아 하는 일행도 맛있게 잘 먹었다.
특히 같이 주는 야채무침이 정말 맛있다.
물론 야채무침이랑 싸먹는 회라서 정말 진정한 고등어회를 원하는 분들은 싫어할듯 하다.
같이 주는 탕도 국물이 진한게 맛있었다.
 
남은 야채무침과 김가루와 밥을 같이 볶아서 먹으니 정말 맛있었다!! 포장해서 드신다면 한번 드셔보시길 추천!","너무 유명한 곳인 미영이네..
아예 간장 와사비를 안주는 곳이다ㅋㅋㅋㅋ 근데 쌈장 찍어먹는게 너무 맛있어서 괜찮음ㅠㅠ 사실 여기는 고등어회 없이 김에 밥이랑 나물만 싸먹어도 맛있긴하더라..
그래도 고등어가 참 기름지고 맛있는곳.. 대신 지리탕은 맛있지 않고 오로지 고등어회로만 승부하는듯 근데 넘 고소하고.. 지금 또먹고싶다ㅜㅜㅜ 바로 옆에있는 만선식당?도 가봤는데 거긴 고등어가 엄청 담백했던 기억이있다.. 미영이네는 제주도 갈때마다 찾아갈듯 싶은곳ㅋㅋㅋ"
진짜 맛있어요…….,"전설의 고기리막국수..! 친한 형 덕분에 드디어 가볼 수 있었는데 정말 이동시간, 웨이팅시간이 아깝지 않은 맛이었어요ㅠㅠ 사리 추가로는 들기름막국수가 안된다하니 참고하시길! 들기름 막국수 그냥 한입 떠먹을때도 맛있지만 주시는 면수 정말 찔끔 넣고 만테까레 하듯이 먹으면 진짜 맛있어요!!! 꾸덕꾸덕 넘 행복.. 물막국수도 비빔막국수도 충분히 맛있긴해요ㅎㅎ 간이 세지 않은데 딱 알맞는? 정도!! 제육은 작은거 하나 주문했는데 껍질 부분이 맛있었지만 살코기 부분이 조금 푸석해수 아쉬웠어요. 그래도 맛있는 편! 월요일 3시에 방문해서 30분 정도 기다렸으니 나쁘지 않은 것 같아요. 지금도 또 먹고싶은 맛이에요ㅎㅎ","극악의 웨이팅을 견디면 맛 볼 수 있는 행복 -

저는 제가 가서 기다린게 아니라 사실 웨이팅에는 큰 불만은 없었다만, 오후 12시가 넘은 시각에 4주차장까지 차가 들어찬걸 보면 정말 이 집이 인기가 보통이 아니구나 싶긴 했어요 ㅎㅎ

후기보면 친절도 부분에서 말이 좀 있는 것 같긴 한데 제가 갔을 때는 다들 너무 친절하시고 응대도 잘해주시고 설명도 나긋나긋 잘 해주셔서 너무 좋았습니다

저는 2명이서 들기름막국수와 비빔막국수, 수육 소 자를 주문했습니다. 막국수는 주문하자마자 패스트푸드급으로 빠르게 나오는데요. 서빙해주시면서 들기름막국수 먹는 법에 대해 설명해주세요. 국수는 이미 비벼져 나오니 비비지 말고 그냥 먹고, 1/3? 1/4? 정도 남을 때 육수를 조금 넣어 먹어보라고요.

들기름막국수는 은은하게 고소한 들기름향과 그리고 약간 거칠게 툭툭 끊기는 메밀면의 식감을 제대로 느낄 수 있는 메뉴였어요. 담백의 끝판왕인데 혀끝에서 짭쪼름한 감칠맛이 맴돌아요. 육수를 넣으면 진짜 더 최고. 감칠맛 폭발!

비빔막국수도 고춧가루를 사용한 양념장이 들어감에도 전혀 맵지 않고 담백하고 깔끔한 맛을 자아냅니다.

수육은.. 돼지 잡내 안나고 괜찮았어요. 새우젓에 콕 찍어서 배추김치랑 같이 먹으니까 아삭하면서도 야들야들하니 맛있더라고요! 메밀국수만 먹었을 때의 2% 부족함을 채워주기에 적당해요

맵고 짜고 달고 자극적인 맛을 좋아하는 저도 담백하지만 감칠맛있는 그 맛이 자꾸 떠올라 언젠간 또 방문하고 싶은 그런 맛집이에요 :)"
"음식은 맛있어요
주류도 다양해서 좋아요","맥적과 유명한 메뉴 치즈감자전을 먹어보았다.
결론을 말하자면 조용한 분위기에서 술 마실 생각이면 가도 괜찮을 집이다.
지인들과 얘기하다가 크게 한 번 웃었는데 직원분이 와서 조용히 해달라고 부탁하셨다.
이후에는 혹여나 술마셔서 목소리가 올라가진 않을까 조심하며 음식과 술을 먹는 나를 발견...!

단둘이 조용하게 데이트하려면 괜찮다. 지인모임들과 왁자지껄한 분위기 찾으려면 비추.
맥적은 부들부들하니 맛이 있었고, 밑에 나오는 토마토 소스와 잘 어울렸다. 흡사 이마트 노브랜드 토마토 소스와 맛이 엄청 비슷했다
감자전도 바삭하니 괜찮았다.

하지만 여럿이서 시끌벅적한 분위기를 좋아하는 나로썬 재방문의사는 없다
음식을 시키고 나오는데 굉장히 시간이 오래걸린 점도 단점아닌 단점.",적당한 음식와 맛있는 술이 있는 홍대 <산울림>. 전통주를 좋아한다면 강추
"✦ 맛 4/5    분위기 3.5/5    재방문의사 O
✦ 서울에서 꼭 가봐야 한다는 고기집

언제가나 웨이팅이 있는 곳으로 목살 맛집으로도 유명하다.
목살이 투뿔목살이다! 가격대도 합리적이라고 생각..
고기와 같이 구워먹을 수 있는 야채들이 있다는게 이집의 특징

고기는 직원분들이 다 구워주신다.
고기의 비쥬얼은 좋다! 목살이 부드럽고 부드럽다. 
그리고 야채와 같이 구워먹으니 뭔가 더 맛있다! 특히 야채 중 꽈리고추,, 꽈리고추는 꼭 시키세요
느끼함을 한번 잡아줘서 새로 시작할 수 있게 해주는 듯!!!
아 그리고 같이 먹는 야채무침? 이 참 맛있다. 새콤달콤하니, 고기랑 먹기 좋다.
식사류로는 된장이나 볶음밥이 있는데, 된장이 맛있다.
아니 잘 알고 있는 딱 고기집 된장 맛인데 잘 알고있는 맛이 더 무서운법..!
후식으로는 된장 술밥을 추천합니다!","참숯 드럼통으로 즐기는 암퇘지 고기!
투뿔목살과 특오겹살이 메인이며 참마, 고사리, 꽈리고추, 표고버섯 등 야채류 구이를 곁들여서 먹는 특이한 곳!
분위기와 어울리지 않게 콜키지 프리로 유명한 곳이다!
항상 문전성시를 이루고 있는 곳이다! 직접 직원분이 구워주시며, 돼지고기를 살짝 덜 익혀서 먹는 걸 직원이 추천해주신다! 그만큼 고기 질에 자부심을 느낄 수 있는 곳이었지만, 맛은 개인적인 기대치에 충족 시키지 못했다!
생물이라 편차가 있을테지만 개인적으로 소문대비 실망을 조금했던 곳이지만 방문해서 맛보기를 추천드린다!",최고의 인생목살.. 웨이팅 인정하는 맛집 모든게 맛있다 사이드는 김볶이 최고 직원들도 착해서 항상 기분좋게 먹는당 유일하게 안 남기고 먹는 맛집
"""여기가 전세계 순댓국 랭킹 1위신가.""

랭킹1위라는 말을 우리나라 최고의 순댓국집이라고 쓴 것은 아니다.
말 그대로, 나름 인기가 있는 맛집사이트인 망플에서 순댓국 부문 첫줄을 차지하고 있으니.

근데, 나는 원래 랭킹 1위라는 것에 엄청나게 흥분하는 인간이라서 찾아가지 않을 수 없었다.
과연 명성이 무색하지 않은지 평일 낮이지만 사람들이 줄을 서 있다.
저 직장인 분들은 귀한 점심시간을 바쳐서 기꺼이 줄을 선 것이겠다.
나도 경건한 마음을 가지고 국밥특(10000원)을 시켰다.

결론은.
음, 맛있다.
맛있는데, 이게 설마 최고의 순댓국은 아니겠지?
그러면 너무 허무하지 않은가.
적어도 감동의 해일이 밀려오는 환상 정도는 보아야 1등이겠지.

그래도 맛있으니, 언젠가 기회가 되면 또 가보겠다.","두번째 방문

첫번째 방문때는 그렇게 맛있는줄 몰랐는데
너무 맛있었음
국물에서 특유한 한방약재(?)맛이 나는거 같음
아 나 왜 첫번째 방문땐 몰랐지 싶을 정도…

토요일 2시쯤 방문했는데
웨이팅이 꽤 많음에도 혼자온 사람들이 많았음
20%정도는 혼자 온 분들인듯

평일에도 8시까지 영업하고
토요일은 3시반까지 영업하고
일요일은 휴무라
영접하기 쉽지않아 그저 슬프네여…","인생 두 번째 순대국집
첫 번째 호박집에 이어 정말 맛있는 집이었다!
일단 강남에서 이정도 가격과 내용물은 ..최고였다
내용물도 이렇게 많은 집은 처음 봤다.
국물맛이 엄청 진하지는 않지만 반찬과 양념등의 조화가 좋아 맛있게 먹을 수 있다.
재방문의사 O"
"단촐하지만 깔끔하고 저렴하다.
꼭 가야하는 건 아니지만, 오다가는 길에 한 번 들릴만하다.","광장시장 이라인에 잇는 부촌육회 창신육회 육회자매집 다 몰려잇음.
매번 육회자매집 가다가
부촌육회 미슐랭 잇어서 가봣는데 맛있어요.
참기름이 강하긴한거 같아요. 육회비빔밥도 맛있음.
다음에는 창신육회 조지러 가볼게요.","미슐랭 빕구르망에 선정되었다고 해서 가봤는데, 광장시장의 다른 육회집에 비해 특별히 더 맛있는지는 모르겠다. 종로5가 효제초등학교 뒷편의 백제정육점 육회는 냉동육이라 씹는 맛이 서걱거리고 양념이 진하게 되어있는데, 그 맛에 익숙해져서인지 부촌 육회의 맛은 심심하고 고기도 흐물거린다고 느꼈다."
"앙 여기 맛있는데
쌈을 점점 크게 싸게 되는 키키키킼","✦ 맛 4/5 분위기 3.5/5 재방문의사 O
✦ 메밀쌈에 싸먹는 불고기집
 
네이버엔 광릉한옥점이라고 검색해야 뜨던데, 뭐가 맞는건진 모르겠지만 정말 맛있게 잘 먹었다.
 
기본 메뉴는 불고기 메밀쌈이고, 그 외 평양냉면과 온면, 막국수도 판매하고 있다.
불고기는 돼지와 소 중에서 정하면 되는데 대부분 돼지를 시키는 듯 했다.
 
돼지불고기를 주문하면 돼지불고기와 1인당 메밀쌈용 전병이 나오고, 야채와 백김치, 무나물, 장아찌들이 나온다.
특히나 장아찌들이 쌈싸먹을때 맛을 한층 더해줘서 정말 맛있게 먹었다.
그리고 평소 야채를 잘 안먹는 타입인데, 야채 샐러드 소스가 특이한게 맛있었다.
돼지불고기는 솔직히 특별한 맛이 없는데, 그냥 평범한정도?
근데 메밀쌈에 이것저것 넣어 쌈싸먹으니 정말 맛있었다!
양도 작아보였는데 쌈을 싸먹으니 배도 부르고 적당했다.
 
평양냉면도 먹었는데, 일반이,,, 다른집의 곱배기 수준으로 양이 많았다!
순메밀로만 만들었다는 평양냉면은 평냉파인 나는 당연히 좋았고, 평냉을 안좋아하는 일행도 맛있다며 잘 먹었다.
육수가 고기향이 진하게 나는편이라 평냉 초보자들도 맛있게 잘 먹을 수 있을듯하다.","사장님 직원들 매우 친절하시구요 일단 메밀 쌈..
예술이예요~ 양이 작아보였는데 적당하구요 제가 담백한 맛을 좋아하는지 이집도 담백하고 아주 맛있어요."
"고등어구이가 이렇게 맛있는줄 몰랐어요
기름이 자글자글 끓으며 나오고 살도 엄청 두툼해서
고기싸먹듯 상추에 고추장아찌 올려 먹으면 끝!
1인이라 꼬막비빔밥만 시키려다 너무 먹어보고싶어서 시켰는데 고등어 하나도 안 남기고 다 먹었어요
크기도 엄청 큽니다. 손바닥 2개 세로로 합친것만해요!

꼬막비빔밥은 건강한 맛이에요
밥 따로 나오는데 사진 보시면 알겠지만 꼬막이 산처럼 쌓여있어요. 같이 나오는 양념장은 이미 꼬막비빔밥이 간간하게 나오니 먹어보고 간 맞추라하시는데 전 다 넣어서 채소와 함께 먹으니 좋았어요
밑반찬도 엄청 맛있어요 저 초록색 시금치?
그리고 명이나물같은거에도 고등어싸먹으면 진짜 너무 맛있고 간장게장도 레몬향나며 하나도 안 비리고
두부는 도대체 저 흰색 두덩어리 달랑 나오는데 무슨 양념인지 몰라도 마지막 입가심은 저걸로 했어요

10시 30분에 도착했는데 40분 웨이팅했구요
11시 30분 정도 부터는 성게비빔밥부터 솔드아웃되고
1시간 까지도 웨이팅이 나와서 일찍일찍 또는 느긋한 마음으로 오시는게 좋을 것 같아요

다만 혼밥을 잘 하는데도 약간 쭈구리 됐던게
거의 4인 또는 그 이상 가족분들이 대다수시고 어르신들도 많이 오시고 굉장히 바쁘고 북적거리는 분위기라
혼자 가운데 식탁 배정받았을때 괜히 눈치보여서
어머님께 "" 혼자는 많이 안 오나봐요ㅠㅠ "" 라고 여쭸어요

어머님께선 안 그래도 1인 손님들이 전화로도 가도 되냐 많이 문의주신다는데 너무 감사하다고 좋다고
눈치보지말고 천천히 맛있게 드시라하셔서 씩씩하게 다 먹고 왔어요!

아드님이 캐셔업무랑 예약 접수하시는데 센스최고에요
거의 타고나신분!
맛도 맛이지만 친절과 상냥함으로도 최고에요!","제주를 선택하면 항상 상위에 있는 덮밥 맛집! 이 곳을 가기에는 동선이 항상 애매해지는 탓에 매번 포기했었는데 이번에는 방문할 수 있었다.
마침 성게철이라 성게덮밥을 먹을 수 있나 했는데, 아직 개시하지 않았다 하여 아쉽지만 돌문어덮밥과 해삼내장 비빔밥을 먹었다.
돌문어덮밥은 아보카도와 달큰한 돌문어, 견과류조림의 구성이라 caramelized 느낌의 남녀노소용 덮밥이란 생각이 들었고, 해삼내장은 따로 소스가 있지 않고 해삼 내장이 fresh 해서 좀더 어른용 덮밥 느낌이었다.
정갈한 반찬들과 정성 가득 애정이 가득한 재료들의 집합체로 이곳이 왜 유명한지 알겠더라는.. 넘 맛있었고, 가격대비 푸짐한 양과 구성에 더없이 배불리 먹었다. 너무너무 빠른 회전에 바쁠텐데도 ㅇ주머니들께서 여유있고 기품있게 음식 설명도 찬찬히 해주시고 안내해주셔서 마음도 따듯해지는 곳이었다. 또 가서 다른 덮밥도 먹어보고 싶다 :-)","망플 1위라 주저없이 간 곳. 송키새우리, 뭉게(돌문어), 돌솥 하나씩 시켰다. 내가 찾아갔을 때는 아직 쌀쌀했던 때라 돌솥이 가장 맛있었다. 근데 날이 더워도 돌솥이 맛있을 것 같다.
전반적으로 재료 본연의 맛이 고스란히 살아 있고, 정갈한 느낌이라 만족스러웠다. 고급스러운 인테리어는 아니지만 어른들 모시고 가도 좋아하실듯. 반찬으로 나오는 간장게장은 특이하게 단 맛이 안 나고, 약간 톡 쏘는 듯한 설탕 없는 장아찌같은 맛이 났다. 뭉게랑 멍게 발음 구별을 잘 해야 한다..ㅋㅋㅋ"
"모르겠어요.. 왜 인기가많은지
엄청 부드러운데 가성비도 가심비도 없어요
한방냄샌지 계피냄새인지 너무 강함요
이가격에 이정도 양이면...아휴휴 ㅠㅠ
냉면없었으면 다 못먹었을것같아요 느끼해서.","개인적으로 서울족발 탑쓰리 중에 하나
냉면을 같이 주는 것도 너무 좋고, 겉절이며, 된장국이며 같이 나오는 반찬들도 존맛탱ㅠㅠ 진짜 최고다 야들야들하고 양도 딱 적당함 주기적으로 먹으러 가는 곳!!","망플에 족발을 검색하면 제일 위에 뜨는 허브족발! 근처에 볼일이 생겨 방문하게 되었다.

앞다리만 주문했더니 불족발 조금이랑 미니 비빔냉면이 서비스로 같이 나온다. 일단 난 고기 잡내에 많이 예민한 편인데
잡내는 일절 없었고 엄청 야들야들하다. 근데 난 쫄깃쫄깃 씹는 맛이 있는 족발을 좋아하나 보다... 너무 부드러워서 그런지 취향에 안맞았다.
비빔냉면도 맛있고 가성비도 좋았던 편이기도 하고 꼭 와보고 싶은 집이라 후회는 없다."
"고등어회

너무 너무 맛있었어요 이당시 살짝 웨이팅 있었습니당
특히 쌈 잘 안 싸먹는데 쌈싸먹으니 너무 맛있드라구요
김, 쌈채소, 고등어, 부추간장, 밥, 김치 순으로 싸먹기!!(주인분이 밥 꼭 넣어서 싸먹으라고 ㅋㅋ 추천해주심요)
지리탕도 칼칼한게 마무리하기 딱 좋았어요 :)

나중에 참돔도 먹었는데 고등어쌈을 잊지 못해서 .. 둘 중 고등어회에 한 표 던집니다 ~~

2019.04.19",말이 필요없는 맛. 방문 후에 한번도 후회가 없었습니다. 쫄깃하고 고소한 맛을 원하시면 고등어회를 추천하고 약간 느끼할정도의 깊은 고소함을 느끼고 싶다면 참돔을 추천해요. 회가 끝난 이후에 무료로 주시는 지리탕과 햇반은 자리를 마무리 할때 최고에요.,"참돔의 고소한 맛을 한껏 즐길수 있는곳
썰기에 신공인지 ~~~
꼬들꼬들한 식감의 회 몇 점은 소주를 절로부르는 맛.

비린맛 절대없는 지리탕. 약긴 조개 베이스 육수느낌.
국물에 밥 살짹 말아 먹으면 환상 각. 굿"
"홀릭 선배님들이 맛집으로 인정한 곳,
안 올 이유가 없다.

이제 맛을 익혀가는 평양냉면 초보로 평양냉면에 대한 기대를 가득안고.

평양냉면 맛잘알이 아니라 내 평가는 참고만.
나름대로 진한육수에 면발에 국물맛이 베이는 정도가 좋았다.
두툼한 고기는 내 스타일대로 가위로 잘라먹었다.

양지칼국수가 복병이었다.
육개장 베이스같긴한데 조금 다르다. 첫맛은 양지칼국수가 더 맛있었다. 양지칼국수가 맵다고 하셨는데 그냥 육개장 정도의 맵기였다. 어쨌거나 맛있었다. 첨 먹어본 맛.

근데 더 많이 먹은 건 평양냉면.
주차는 안된다. 골목에 하거나 공영주차장 이용할 것.

꼭 가볼 것.

메인인 족발은 다음에 먹어야지
사람마다 다를 듯 ^^","반주하기 좋은 식당!
전체적으로 간이 알맞다
평냉은 개인적으로 고기맛이 강해서 호불호 있을듯 함","족발요리가 메인인 집이라기엔 국수가 너무도 완성도가 높다
고기리막국수가 척박한 강원도의 소박함을 극한으로 끌어냈다면
이 집의 비빔막국수는 한양 대감댁의 그것이었을까 싶을
풍성한 고기와 양념의 조화 속에서도 강력한 존재감을 드러내는
메밀향의 조화가 일품이었다
안동국시 뺨때리는 칼국수의 퀄리티도 훌륭했으나
다만 평냉은 이상할 정도로 육수향에 메밀향이 눌려 있어 아쉬운 맛이었다
다음에는 비빔으로 메뉴 통일"
"정말 맛있네요 (제 기준) 기름기 적당한 삼겹살!! 고기와 마늘까지 직접 구워주셔서 좋았고 제가 좋아하는 갈치속젓, 명이나물, 와사비 3가지 다 갖춰져있어서 맘에 들었어요 ㅎㅎ 그리고 비냉도 추천합니다!!","오랜만에 방문한 김진목삼, 역시 후회없는 선택이였네요. 삼겹살도 너무 맛있었지만 목살은 정말 부들부들 녹아 없어졌어요. 고기도 다 구워주시고, 굿굿","친구가 본인이 이 근방에서 제일 좋아하는 삼겹살집이라며 데려와줬어요. 날씨가 정말 궂은 날이었는데도 웨이팅하는 사람들이 꽤 있더라구요, 물론 가게가 협소하기도 하지만.

목살이 맛있다는 리뷰를 많이 봤지만 친구 추천으로 삼겹살만 먹어보았는데, 서버분이 아주 잘 구워주셔서 맛있었어요! 살짝 크리스피한 고기를 깨물면 육즙이 팡~ 나와요. 이 맛에 삼겹살 먹죠~
일전에 유명하다는 식당에 갔는데 서버분이 잘 굽지 못해서 육즙 없는 고기 먹고 나와서 완전 실망했었던 적이 있었어요. 그렇기 때문에 이렇게 고기를 능숙하게 잘 구워주시는 분의 존재가 더 크게 느껴졌어요.
찌개도 맛있게 먹었는데 사진은 없네요. 아마 김치찌개였던 것 같은데..?!"
맛있는데 기달릴 정도는 아닌 거 같다!,어마무시한 웨이팅을 자랑하는 곳에는 정말 그만한 이유가 있는 거 같아요. 너무나도 맛있게 먹었습니다! 특히 건강식이라 더 기분 좋게 먹을 수 있었구요. 양이 굉장히 풍부하네요 여자 두명이서 가서 먹기는 힘들 것 같아요 최소 세 명은 되야 할 것 같습니다! 저는 목요일 5시 반쯤에 방문하니까 빈 자리가 넉넉했는데 주말에는 사람이 미어터진다고 합니다. 도토리 전이 굉장히 바삭하고 버섯에 식감도 살아 있어서 좋았어요! 도토리국수에 들어있는 수제비도 아주 좋았습니다 파인애플도요 ㅠ,"웨이팅 너~~~~~ 무 길어서 엄마랑 짜증 많이났는데
음식 딱 먹자마자..... 세상에 이건 기다린 보람이 너무 있는 맛이라며 남김없이 다먹었네요.
자극적이지않고 깔끔하면서 깊은맛이나요. 또 방문 하려구요"
"비싸서 문제지.
장어 끝판왕",몸보신을 위해 달려간 논현동 영동장어 다소 가격은 있지만 맛은 보장하는곳 장어는 푸석거림은 전혀 없고 서비스로 나오는 장어엑게스 그리고 추가 주문으로 먹은 낙지와 장어탕 모두 맛있었다,뇸뇸
"봉순게장 역시나 맛있습니다

점심시간 조금 안되게 일찍 나섰는데도 웨이팅 한시간 …
그래도 기다려야죠

입장하자마자 테이블은 인원수에 맞게 정식 세팅 바로되어있구요 김이나 반찬이나 더달라고하면 빠르게 갖다주십니다

양념게장은 전번에 먹을땐 매워서 못먹었는데 이번에 먹을땐 알맞게 맵더라구요 간장 게장은 늘 똑같은 맛이구요

또 때가 지나 게장 땡기면 또 방문하겠습니다~!","엄청난 곳입니다. 서울시내 왠만한 게장집 다 가봤는데 가성비 좋고 맛도 신선도도 좋아요. 먹고 다음날은 가서 포장을 해왔어요.
먹으면 일인당 기준으로 / 간장게장 한마리 / 양념반마리 / 새우장 2 마리 / 이렇게 나옵니다. 포장햇을때랑 가격이 동일한 수준이고, 반찬 밥 등등을 생각하면 포장보다 더 싼느낌도 있습니다. 옆 테이블 보니 먹다가 남은것은 포장도 해주셔서, 한사람 기준으로 주문을 받는것에 부담이 없습니다. 주말 오후3시경에 갔는데도 , 사람이 정말 많았어요. 하지만 앞에 마당이 크게 있어서 기다림이 힘들지 않았습니다.",굳이 갈필욘없다 1회 방문용 게장집
"한적한 곳에 생뚱맞게 위치하고 있지만 손님이 많은 선흘곶!

국내산(주로 제주산) 나물반찬과 돼지고기(돔베고기), 고등어구이로 쌈밥을 먹는 곳입니다.

각종 나물, 버섯, 묵, 김치 등등 밑반찬이 깔끔하고 맛있어요. 돼지고기랑 고등어는 뭐 말할 것도 없고요.

뒷마당에 있던 멍멍이도 여유로워보이고, 건물 옆 놀이터랑 나무들 보고 있으면 여유로워집니다 ㅎㅎ

편안하게 깔끔한 식사하고 여유를 느끼기 좋은 곳입니다.","✦ 맛 4/5    분위기 3/5    재방문의사 O
✦ 정말 로컬 백반 맛집! 조천 가신다면 꼭, 들려보시길
 
조금 늦게가면 재료소진으로 먹지 못하는 곳,
저녁에 가면 가로등도 없고 어두컴컴한 엄청 외진곳에 위치해있는데, 인기가 어마어마한 곳이다.
백반 메뉴 하나로, 고등어구이와 돔베고기가 메인으로 나온다.
 
일단 기본 찬들이 다 깔끔하고 맛있었다. 자극적이지 않고 약간 건강한 맛!
그리고 돔베고기도 부드럽고 맛있었다. 돔베고기 전문점 못지않은 맛!
고등어 구이도 괜찮았는데 미리 후기에서 노르웨이산이란걸 봐서 그런지,, 오동통하고 촉촉한 속살이 맛있긴 했으나 좀 아쉬웠다 ㅠㅠ
정원도 예쁘고 아기자기하게 꾸며놓은 듯 했는데 어두워진 저녁에 방문해서 보지 못했다 ㅠㅠ
제주여행 중 만족하면서 먹은 식당 중 한곳!","제주에서 정말 맛있게 먹었던 #선흘곶 한식위주의 밥상이다.
보쌈과 고등어구이를 쌈밥으로 먹는 식당.
별것 아닌 반찬- 버섯조림, 나물들이 진짜 너무 맛있어서 깜짝 평소에 소스를 안먹는 남편도 소스를 찍어먹었던 정도 !!

진짜 이런곳에서 요리 배워보고 싶당... 이곳은 주변 풍경도 진짜 이뻐서 풍경만 보러오라고 해도 갈 만한 정도다."
굿,"“서울에선 맛보기 힘든 돼지생갈비”

우연찮게 맛녀에서 돼지생갈비를 본 뒤 한동안 먹고싶다고 노래를 부르고 다녔다. 그러나 서울에는 마땅히 갈만한곳을 찾지 못해 발만 동동 굴렀더랬다. 그러던 어느날 지하철을 타고 신당역을 지나다 습관처럼 망플을 켰는데 이 집이 뙇!! 나에겐 마치 구원의 손길같았다. 보자마자 “여기다!” 싶어 바로 약속을 잡고 방문했다.

첫 입 부터 강렬했다. 사진으로만 봐도 느껴지듯 고기의 질이 너무 좋았다. 숯향도 무척 좋았고 칼집을 잘내서 그런지 돼지고기라고 믿기지 않을 정도로 부드러웠다.
그리고 마치 “내가 이래봬도 갈비야!” 라고 말하는듯 지방의 풍미가 삼겹살이나 항정살보다 한수위였다. 돼지생갈비가 생소한 음식이긴 해도 육식의 민족에게 낯선 맛 이라고 할순 없겠다. 하지만 양념갈비나 돼지고기 다른 부위에 비해 확실히 차별성이 느껴진다. 그러나 역시 “갈비” 답게 많이 먹기에는 물리는 감도 없지 않다.

그래서 그런지 같이 나오는 찬들에 고기와 같이 곁들여 먹기 좋게 신경을 많이 쓴것같은 모습이다. 개인적으로는 참나물무침이나 갓장아찌에 싸먹는게 베스트. 그리고 고수도 준다길래 무척 궁금했었는데 먼저 권하거나 필요한지 물어보진 않아 따로 요청했더니 신선한 고수를 한웅큼 주셨다.

하지만 아직 고수 초급자라 그런지 잘 어우러진단 느낌 보단 고수가 숯향이나 고기 특유의 육향을 많이 잡아 먹는것 같아 기대만큼 만족 스럽진 않았다. 고수랑 친해지려면 아직 멀었군 ㅠㅠ 그래도 고수 러버라면 좋아할것 같다.

오픈 초기라 그런지 깔끔하고 정갈하고 모든게 평균이상이었다. 사이드로 시킨 청국장도 고기랑 두부가 듬뿍 들어있어서 좋았고 냉면도 특별나게 맛있다 할순 없지만 고깃집 냉면으론 흠잡을데가 없었다.
앞으로 이 상태가 계속 유지만 된다면 신당동을 대표하는 고깃집중 하나가 되지않을까 싶다.

사실 이날 몸상태가 좋지 않은데 너무 가보고 싶은 맘에 억지로 간터라 맘껏 먹지 못했다. 꼭 다시 재방문해볼 계획 ㅠㅠ",돼지생갈비 / 돼지양념갈비 / 청국장 / 공기밥
"북한강 뷰를 보며 먹을 수 있는 닭갈비집! 평일 점심에 방문했는데 10분정도 웨이팅 하고 들어갔어요. 가게 앞에 주차할데는 있지만 웨이팅하는 인원까지 수용가능한지는 모르겠네요..!

닭갈비, 막국수 먹어봤습니다

닭갈비, 정말 춘천까지 안가도 이렇게 맛있는 닭갈비를 먹을 수 있다니! 숯불닭갈비라 겉바속촉 제대로구요.. 거기에 눈 앞에 펼쳐지는 북한강 뷰까지 더해지니 더욱 맛있는 것 같구먼유

막국수도 빠지면 섭하니까! 양이 꽤 많아서 1인 1막국수 안해도 괜찮을 것 같습니다. 막국수에 닭갈비 싸먹는거는 국룰, 아시죠?

힐링 제대로 하고 왔습니다","웨이팅이 필수인 북한강 뷰맛집:)
숯불에 구워먹는 닭갈비가 진짜 별미에요!!
닭갈비 3인분이랑 막국수까지 배터지게 먹었습니당
포장 판매도 하시던데 왜 안사왔는지 아직도 의문임
사장님이 계속 맛있게 먹는법 알려주시고 신경써주셔서
음식에 집중을 많이 했었던거 같아요ㅎㅎ
다음번에는 손님이 많이 없길!!!","테이블링으로 예약했는데 길이막혀 늦었는데 사장님 친절하게 응대해주시고 음식맛은 말할것도 없이 너무 맛있네요.

닭갈비도 부들부들 맛있고 막국수..


그냥 한마디로 미쳤다리!!!! 또 올것같아요"
"튀김 맛집.. 그동안 먹었던 튀김과는 차원이 다를 정도로 정말 바삭하다! 가게 이름 정말 잘 지으신듯
사장님도 자부심이 있으신지 튀김 자르실때마다 소리들어보라고 하시는데 정말 소리가 장난아님.. 유튜브가면 asmr도 있다고ㅋㅋㅋㅋ
그리고 여기 완전 국물떡볶이 맛집이다! 국물떡볶이 별로 안좋아하는데도 여기서는 꼭 떡볶이 두번씩 시킨다. 다들 츄라이츄라이~~","최고의튀김... 빠사삭으로 오리까지 가서 너무나도 행복했습니다. 그렇게 오늘은 남자친구랑 둘이 갔는데 여전히 맛있어요.❤ 냠냠 ❤ ㅋㅋ 이거 쓰다가 이어쓰기 하는데 이 사이에도 또 간 빠사삭...

튀김 중독성 있어요 못 끊습니다 ㅡㅅㅡ 맥주 2잔에 튀김 또 추가 ㅋㅋ 갈 때마다 3~4만원씩 쓰고 오는... 간단히 밥 먹을 수 없는 집 전에도 쓴 곳이라 간단히 쓰지만 우동 라면 떡볶이 튀김 다 존맛탱 입니다 !!!!","너무 너무 가고싶어서 벼르다가 오늘 비록 혼자지만 다녀 왔습니다!!! 떡볶이에 튀김이지 생각 했으나 우동 맛있다는 후기가 많아서 오늘은 우동으로 초이스 해봤어요 혼자 간 거라 많은 종류의 튀김은 못 먹구

치즈고로케, 김말이 , 치즈오뎅말이 , 계란지단 시켰습니당 .사장님이 하나 하나 잘라 주시는데 저는 이게 좋더라고요!! 튀김이 진짜 찐이에요 제가 지금까지 먹어 본 튀김 중에 제일 맛있습니다 ... !!! 튀김가루가 아닌 빵가루를 입혀서 느끼하지도 않구 기름기도 없고 바삭바삭... 텐돈집의 튀김보다 더욱 맛있지 않을까 하는 생각이 들어요

우동은 맛있더라구용... 진하구 맛있어요 :) 사실 튀김에 홀려서 ㅋㅋ !! 우동 국물 한 입 먹구 튀김 먹으니 그것도 좋더라구요 여기 떡볶이도 맛있어요 맵기조절이 안되지만 맵찔이도 잘 먹을 맛 떡볶이 국물에 튀김 콕 맛있어용!

대학동은 솔직히 가성비가 좋은 편이지 막 맛집이 많은 건 아니라구 보는데 맛집입니다... 대학동에 있는게 아쉬울 뿐. 핫플레이스에 가면 튀김맛집으로 이미 소문 나서 웨이팅이 있을텐데... ㅋㅋ 그럼 내가 못 가니까... 빠사삭 우리 동네에서 영원히 있어주세요

재방문 의사는 무조건"
"예약필수입니다!

망플을 비롯해서 온라인상 평이 워낙 좋아서 잔뜩 기대하고 방문했습니다. 이곳은 토종흑돼지를 판매하는 곳입니다.

시중에 있는 일반적인 흑돼지는 교잡종인데 반해 연리지가든에서 먹는 흑돼지는 완전 오리지널 토종흑돼지래요~ 메뉴도 부위가 따로 있는게 아니고 여러 부위가 섞여서 나오는데, 그냥 180g에 2만원입니다.

그런데 고기가 딱 나오고, 고기 빛깔이 좋기는 한데 이게 뭐 그렇게 대단하다는거지? 싶었어요.

그러다가 고기를 구워서 한입 먹어보니.. 사람들이 왜그렇게 극찬을 하는지 알겠더라고요.

살코기를 먹었을 때에는 보통 질 좋은 고기를 먹었을 때와 크게 다르지 않았어요. 그런데 비계부분을 먹었을 때 확실히 차이가 납니다. 정말 고소하고 부드러워요. 비계부분만 따로 먹어도 맛있게 먹을 수 있을 정도에요.

비계부분의 차이가 핵심이구나~ 를 캐치하고 나서 추가주문한 고기를 먹을 때에는 살코기가 많은 목살이나 다리살 부분은 짝꿍에게 밀어주고 저는 비계가 있는 삼겹살 부분 위주로 먹었습니다. ㅎㅎ

고기 퀄리티에 비해 서비스는 좀 아쉽기는 합니다. 할머니가 친절하지는 않아요 ㅎㅎ",미리 예약을 하고 방문하셔야 되구요. 2주 전에 예약했어요. 일요일은 쉬시구요. 예약 시간 15분전에 도착했는데 미리 세팅을 다 해주셨어요. 1인분에 20000원(180g)이구요. 우선은 3인분을 주문했어요. 저희가 저녁 첫 손님이라 사장님께서 구워주셨어요. 구우시면서 설명을 해주셨는데 자부심 뿜뿜이시네요. 정말 제대로 된 흑돼지라 기대가 큽니다. 여타의 흑돼지나 돼지 보다 많이 익힐 필요는 없다고 하셨구요. 고기 자체의 풍미가 아주 좋았어요. 지방 부위는 서걱서걱거리는 느낌이 낯설었지만 나쁘지 않았구요. 친구들과 먹다가 셋 다 너무 만족스러워 2인분을 더 추가해서 먹었는데 배불렀어요. 제주 와서 흑돼지 많이 먹어봤지만 이번 경험은 아주 특별했어요.,"예약도 어렵고 식당인데.. 예약을 해야만 갈수있는 식당이라던데..
맛있긴 맛있다!! 하지만 요즘 워낙 돼지고기 가격, 맛 모두 상향평준화된지가 몇년된지라 특별히 맛나지는 않았다ㅎㅎ
특징이라면 비계가 좀 많은편인데.. 비계가 많아서 불만갖는 사람들도 꽤 있는것같더라. 그래도 난 비계가 느끼하지않고 깨끗한 맛이나서(?) 괜찮게 먹었다. 여튼 제주의 다른 돼지고기집들과는 약간 결이 다른느낌이어서 제주 흑돼지에 질렸다면 한번쯤 가봐도 좋을듯!"
웨이팅 좀 있는데 기다릴만해요! 만두도 맛있음!!!,"줄이 길까봐 평일 정오에 찾았는데 주변 직장인들이 많이 오는지 이미 엄청나게 긴 줄이 있었다. 그런데 테이블이 많고 회전이 빨라서 금방 들어갔다.

가게 안에도 사람이 빽빽하게 들어차 있었다. 냉면과 만두를 시켰는데 냉면은 바로 나오고 만두는 시간이 꽤 걸려서 박자가 조금 안 맞을 뻔했다. 냉면 국물은 첫 입에 바로 인상적인 맛이었다. 염도도 꽤 있고 감칠맛이 강했지만 먹다보면 슴슴하게 느껴지는 국물이었다. 두 가지 고기가 올라가는 토핑도 좋았다. 호평이 많은 만두도 속이 푸짐하고 맛있었다. 면도 양이 많아 배가 아주 불렀다. 너무 정신없는 가게 분위기는 아쉽다.","평양냉면과 만두를 아주 즐겨먹지 않는 사람인데도 맛있었던 곳
평양냉면은 슴슴하면서도 어딘가 간이 잘 맞는 느낌이고
만두는 만두피 만두속 다 정말 맛있었다
저녁때 가면 술드시는 분들이 많아 시끄러울수도 있다!
하지만 역시 믿고 가는 진미~!"
최고최고 올해 먹은 음식 중에 젤로 맛있다 최고!! 비싸지만 그럴만한 이유가 있따!!!!,"내입맛에는 달다
조금만 덜다면 꿀맛일듯
먹고나면 곱창이 적어서 가격대가 살짝 비싸다고 느껴진다",곱창전골은 이곳만한 곳이 없다. 푸짐하고 국물도 좋고 음식이 깨끗한 느낌이다. 대기만 없으면 더 좋겠지만 이만한 곳이 없기 때문에 줄 서서 먹는 점 이해할 수 있다.
"평양면옥 다음으로 자주 방문한다
돼지고기보다 소가 2천원비싼데 육향이 풍부하게 잘느껴져 너무 맛있게 느껴졌다 돼지는 그냥 부드러운 냄새없는 수육느낌이었다

냉면운 역시 간간히 씹히는 고추고명이 예술이다 이번 방문에는 육수 간이 적당했다",,"평냉인데 생각보다 간이 세더라구요
그래도 고기향이 느껴지는 국물이 맛있었고
면발도 넉넉하니 양이 많더라구요!
만족스럽게 먹고 나왔습니다 :)
다음엔 이 날 만난 어르신들 처럼 수육에 술도 한 잔 해보고 싶어요!"
"친구가 역대급 고기라고 극찬을 하길래 갔는데, 그 말을 듣고 너무 기대를 한건가 그정도까지는 아니었던 것 같아요! 일단 요즘 목살이랑 삼겹살 맛있는 곳이 워낙에 많으니까요! 저에게 맛있는 고기란 진짜 배가 불러도 계속 밥과 함께 먹게 되는 그런 고기인데, 여긴 잘 모르겠네요 =_=

그런데 진짜 충격이 항정살이랑 김치찌개. 목살과 삼겹살에서 느끼지 못했던 촉촉함이 항정살에서는 느껴졌어요. 뭔가 추가로 시킨건데 이때부터 식사 시작한 느낌ㅋㅋ

그리고 레알 김치찌개가 밥을 부르는 맛이더라고요. 고기도 낭낭하게 들어가있고 칼칼한 것이 술안주로 딱입니다! 결론적으로는 맛있었지만 기대했던 목살, 삼겹살이 실망이라 ""괜찮다""로!

+고기 구워주셔서 넘 편했어요. 저는 고기 먹을때 제일 중요한게 흐름인게 여기서는 안 끊기더라고요 ㅋ.ㅋ

+그리고 다시한번 깨달았네요. 저는 두툼 삼겹살파라는걸! (TMI)","맨날 가야지 말만하다가 못가본 육전식당에 드디어 방문했다.
삼겹살 목살 항정살을 주문했고 고기는 직원분이 구워주신다.

삼겹살- 지금까지 먹어본 삼겹살중에 최고였다. 한입 베어물자마자 육즙이 입안에서 팡! 터진다.

목살- 소고기가 아닌가 착각될 정도로 엄청 부드럽고 고소하다.

항정살- 항정살은 크게 특별하진 않았다. 물론 맛은 있었지만 삼겹살이랑 목살이 워낙 맛있어서 임팩트가 적었나보다.

tip. 명이나물은 따로 2000원에 주문해야하는데 명이나물 맛집이니 필수로 추가해서 싸먹을것

앞으로 다른 망플 상위권 돼지고기집들도 가보겠지만 과연 육전식당보다 맛있을까라는 생각을 하고 먹게 될거 같다.","그동안 맛있는 고깃집이 많이 생긴걸까, 육전식당이 변한걸까

분명 4년전쯤에 처음 육전식당을 먹었을때는 너무 맛있어서 충격적이었는데, 4년만에 재방문해보니 .. 그저 평범한 삼겹살집이 되어버렸다.. 서버분을 잘못 만난탓일까..?
그냥 정말 평범한 두꺼운 삼겹살 집 맛이었다..

예전엔 정말 센세이션 급이었는뎈ㅋㅋㅋㅋ 그동안 맛있는 고깃집이 너무 많이 생겨서 이제 이정도는 평범한 수준이 되어버린걸까 아니면 육전식당 자체가 예전보다 퀄리티가 덜해진걸까 ㅠㅠ 무튼 아쉬웠던 한끼"
"메뉴별로 하나씩 시켜서 다 먹음
군만두보다는 찐만두가 더 맛있음 + 콩물 꼭 먹자","부산에서 제일 맛있는 만두다. 그 누구에게도 양보할 수 없다. 엄마도 미래의 부인에게도, 심지어 부성애마저 이길수도 있는 맛의 만두인 부산 부산역 앞 신발원이다.
-
그냥 진짜 부산 뿐만아니라 전국에서 먹어본 만두중에서 탑티어에 해당된다.
-
배고픈 소크라테스로 사느니 신발원의 만두를 먹는 배부른 돼지가 되겠다. 이성의 끈을 놓게 만드는 만두다.
-
부산에 놀러온 사촌동생들과 옥천횟집에서 성게김밥과 모듬회,해산물을 먹고! 깡통시장 사거리분식에서 떡볶이와 튀김을 먹고 점심 3차로 갔다.
-
쉴 새 없이 먹고 갔는데도 불구하고 짜릿하고 군침이 돌 정도의 맛이다. 먹선생 본인은 본래 많은 양을 잘 먹는 편인데 배부르면 딱 젓가락을 내려놓는다.
-
만두 한점 먹고 배부름을 느꼈는데도 불구하고 입안에 침이 고여왔다. 2014년 군시절 주구장창 들었던 @itsjustswings 형의 가사를 오마주하자면. ‘급식 아줌마가
내 식판에 만두를 줘. 그 때 내 입에서 나오는 말은 변함없어 더’
-
TMI를 발설하자면 나는 사촌동생 두자식 지호랑 지윤이를 매우 아낀다. 종종 혼내기도 하지만 맛있는거 있으면 하나라도 더 주려하고 좋은 곳 있으면 한군데라고 더 데려가고 싶어한다.
-
근데 그게 안된다. 신발원의 군만두 앞에서 말이다. 다른 만두는 더먹으라고 그릇에 놔줬어도 군만두는 한입하자마자 나도 모르게 ‘이거는 6개 나왔으니까 우리 각자 꼭 두개씩 먹어야하는거야’ 라는 말이 나왔다.
-
그냥 여기는 10점 만점에 10점입니다.
부산역 내리자마자 뛰어가세요. 맞은편 차이나타운 골목에 들어가면 있습니다.","<3월 말 부산 먹여 후기>

서울 올라오기 전 신발원을 다시 들렸다. 포장은 20분내로 가능하다고 하길래 군만두를 포장.

포장은 비조리와 조리를 선택할 수 있는데 조리를 선택하였고 서울에 가져간다고 말씀드렸더니 식힌 것으로 주신다 하였다.

집에 오자마자 먹어본 군만두는 으잉?!?! 그 자체였음. 먼 거리를 포장해 온 탓이려나..ㅠㅠ 맛이 없진 않은데 지극히 평범하고 보통이었던?! 킹왕짱 쥬시하거나 풍미 작렬이라거나~ 이런 것들을 기대했는데 그렇지 않았다.

마가 찐민두를 너무 맛있게 먹었기때문에 그에 필적하는 신발원 군만두를 기대했는데 아쉬웠다. 언젠가 반드시 매장에서 여러 만두 다 먹어보고 재평가하고 싶은 곳."
"자주가던 우래옥 대치점이 문을 닫아서 냉면을 먹을 곳을 찾던 중에 와이프의 제안으로 서초동에 있는 서관면옥을 방문했습니다.

주말이라 웨이팅이 길지 않을까 걱정했는데 5팀 10분정도 기다려서 착석을 했네요.

정갈한 테이블 셋팅이 좋았구요 다시마 식초와 먹을 만큼 제공하는 겨자도 다른 냉면식당에서 경험해보지 못한 신선한 것이었습니다.

냉면 먹는 설명서가 있는데 식초를 국물에 넣지 말고 면에 뿌려 먹으라고 되어 있어서 개인접시에 면을 덜어서 식초를 쳐서 먹어봤는데 이것이 신세계였습니다.
전 반쯤은 그렇게 먹었습니다. 전 평양냉면, 와이프는 맛박이 냉면을 먹었는데 맛박이 냉면은 특이한 그릇에 고명을 많이 주더군요. 와이프가 그릇이 높아서 먹기 편하다고 ^^

사이드로 시킨 상화만두와 녹두 빈대떡도 아주 맛있었어요. 만두는 야채가 많이 들어가서 깔끔했구요. 빈대떡은 아주 두툼하고 겉바속촉했습니다. 와이프가 만두를 포장해오고 싶었는데 주말은 손님이 많아서 만두 포장은 안된다고 해서 와이프가 주중에 친구들과 다시 오는 것으로...

서관면옥은 전통 냉면집과 굉장히 다르지만 맛있는 냉면집이었습니다.

하지만 저는 우래옥의 불고기 먹고, 따뜻한 면수도 주고, 무생채랑 같이 평양냉면이 최고인것 같아요. 다음은 멀지만 을지로 본점을 가야겠네요.

뭉뭉","깔끔하고 염도가 간간한 육수의 평냉
들기름 들깨 콜라보로 고소함의 극대인 골동면
울릉도 명이나물이 소로 들어간 상화만두
잘먹고 갑니다","골동냉면은 내 취향이 아닌 걸로...
--------
♤ 골동냉면 (13,000₩)
꽤 기대했던 메뉴인데... 생각보다는 평범했다. 분명 면발도 좋고 고기도 맛있는데, 너무 부드럽기만 한 게 문제였을까? 돋보이는 맛 없이 부드럽고 담백하다. 다시마 식초를 두르니 좀 더 맛있었지만, 여전히 다른 식당에서 먹었던 들기름막국수에 비해선 부족했다. 좀 더 고소하거나, 면발 씹는 식감이 더 있었으면 좋았을 것 같다

사실 제일 아쉬웠던 부분은... '냉'면이 아니었다. 면도 미지근하고, 같이 주신 육수도 미지근했다. 육수의 맛도 이전 방문때의 그 맛있었던 육수에 비해 밋밋해진 느낌이었다.

♤ 돝제육 (17,000₩)
제육을 먹으면서 든 생각은, '정말 깔끔한 맛이다.' 차가운 돼지고기의 잡내 없는 담백함과, 새우젓의 순도 높은 짭짤함, 그리고 무말랭이까지 군더더기 없이 반듯한 느낌이다. 훌륭한 맛이였다.
--------
깔끔하고 반듯한 맛을 추구하다 보니, 골동냉면의 경우 약간의 일탈을 기대했던 내 입맛과 안 맞았던 듯 싶다. 다음부터 여기 가면 얌전히 물냉이나 비냉을 먹어야겠다.
.
★★★☆"
망플보고 평이 좋길래 간 곳. 가격이 너무 착한 곳. 생갈비 한정판매는 2인에 1인분만 시킬 수 있었음. 가격대비 맛있음. 도토리묵도 기본찬으로 나오고 술 마시기 좋은 곳. 정갈비가 시그니처라고함. 달달한 간장베이스로 아가들 먹이기 좋을듯. 제일 맛있는건 역시나 달달함 가득가득한 이동갈비. 포천식으로 재는거 같음. 포천가서 먹으면 비싼데 가격 너무 칭찬함~ 주차가 안되는게 아쉽.,"가격대비 정말 만족합니다!!
3명이 가서
이동갈비 2인분 정갈비2인분 물냉면2인분을 먹었어요.
가격은 정갈비가 조금 더 비싸고 양념은 이동갈비가 더 쎈편이어서 정갈비를 먼저 굽고 이동갈비 굽는걸 추천하시더라구요. 둘 다 맛있었습니다. 양념이 다른 맛집들과 차별될 정도로 맛있는 것은 아닌데 제가 느끼기에 고기가 부드러운것이 숙성의 차이 같습니다. 다음에는 생갈비도 먹어보고 싶어요. 물냉면 맛은 보통.
주말 오후3시부터 브레이크타임이지만 1시반부터 오더마감을 하니 1시전에 가시는걸 추천해요. 차가지고 가시는 분들은 맞은편 라온제나 건물에 주차하셔야 하고 주차비는 10분에 800원 주차료정산은 안되니 참고하세요.^^","밥도 제대로 못챙겨먹고 일하는 둘째랑 자주가던 고기집이에요

엄빠가 니가 뭔 돈이 있다고 소고기를 사주냐곤 하지만서도

같이 이거 먹고 있다고 자랑하면 언니가 동생 좋은 고기 먹인다고 뿌듯해하시더라구요

엄청 맛있기도 하지만 그런 좋은 기억이 있기에

더더욱 이 집이 좋은 것 같아요!

생갈비.. 생갈비를 더 많이 팔아주세요 사장님.."
"여수 언니 유튜브 보고 너무 가보고싶어서 벼르다가 갔어요
근데 진짜 너무 너무 깔끔하고 맛있더라구요
살이 엄청 가득가득하고 정말 깔끔한맛 그 자체였어요
같이 곁들여 나온 국물도 시원하니 너무 좋았습니다
맛을 표현하자면 짜지않고 게 살 자체에서 나오는 살의 단맛으로 감칠맛이
사실상 그냥 맛있다는 말 밖엔..","꽃게정식 (1인분 30.0), 꽃밥정식 (1인분 25.0)

꽃게 배터지게 먹은 날! ㅎㅎㅎ 여수에 가면 꼭 들려야 할 맛집이 있죠. 바로 한일관에서 같이 하는 꽃돌게장1번가. 한일관은 해산물을 중심으로 한 한정식을 파는 곳이라면 꽃돌게장1번가는 게장을 전문으로 파는 곳입니다. 한일관을 가자는 부모님을 설득해 꽃돌게장1번가에 방문했는데, 가족 모든 구성원 다 정말 만족했던 식사였어요!

진한 오렌지빛의 꽃게 내장이 듬뿍 올라가있는 오동통한 게장을 보고 있자니 군침이!ㅎㅎ 정식에 메뉴 구성이 꽤 다양하고 양도 많았어요. 꽃밥은 지저분하게 먹는 것을 싫어하거나 꽃게를 들고 먹는 것이 싫다 하시는 분들이 드시면 좋을 것 같아요. 내장이 다 발라져있어서 밥을 바로 비벼먹을 수 있게 나옵니다.

양념 돌게와 간장 돌게는 셀프바에서 무료로 무한리필 해 먹을 수 있어요! 직원분들도 굉장히 친절하시고 공간도 넓어서 기분 좋았던 식사였어요:)","망플 4.5의 가치
자극적이지 않고 깊은 맛
자차이동 요구되는 여수에서
주차장도 넓직 넓직
간장 돌게장, 양념 돌게장 셀프리필 가능하나 크기는 작음
샐러드채소 또한 리필 가능
맛집은 규모가 커질수록 균일함이 중요
그런 곳임"
"이사하고는 처음 갔네요
화장실도 깔끔하고 수육도 늦게까지 넉넉히 주문되네요
소주안주론 진짜 최고입니다","선지해장국을 여기서 처음 먹어봤는데 너무 맛있다 ㅠㅠ
모둠수육은 조금 비싸지만 맛있다 야들야들

소주 두병 걍 순삭","내장수육: 아주 좋았다..
해장국 : 보통
불고기: 별로"
내 생애 가장 비싼 한끼지만 식사 시간과 맛과 질을 생각하면 그렇게 아깝지는 않았다,"900리뷰는 2020년 작년 한해 가장 만족했던, 5년 연속 미슐랭 3스타의 위엄 가온

솔직히 편견이 있었다. 2017년 처음 나올때부터 우리나라에서 미슐랭 3스타가 있다고? 진짜로? 하며 돈으로 샀네 어쩌네 하는 소문만 듣다가 처음 방문했는데 결론은 괜히 3스타가 아니구나 하는 생각을 가지게 되었음.
양식의 형태로 풀어내긴 하지만 '한식' 의 카테고리에서 벗어나지 않는 수준의 음식들을 선보이며 전체적으로 음식들이 과하지 않고 밸런스가 아주 좋았다. 하나하나 완성도가 아주 높았으며 끝까지 먹었을 때 양도 만족스러웠음. 와인페어링도 난다긴다 하는 파인다이닝 중에 가장 좋았던 기억. 음식과의 궁합과 스토리도 좋고 와인 자체만의 퀄리티도 상당히 뛰어난걸 사용했다.
음식도 음식이지만 처음 입장부터 식사중, 퇴점까지 서비스도 완벽했다. 물론 중간에 약간 부족한 모습을 보였던 부분도 있지만 그런 점이 딱히 거슬리지 않을만한 수준이며 아버님 생일때 방문한거다 보니 떡케익도 그렇고 중간에 술한잔 더 준것도 그렇고 기대하지 않았던 부분에서 보너스가 있다보니 더욱 만족도가 올라간 듯.
가격이 상당히 쎄지만 직접 경험한 1인당 20만원 이상의 코스요리를 먹은 곳 중에 충분히 돈값 했다를 넘어 가장 큰 만족도를 느낀 곳임. 진짜 여긴 또 오고 싶은 생각이 많이 들었다.","yum yum yum
.
.
괜히 미슐랭 3스타가 아니네요..한식 파인다이닝 수준이 매우 높아요 집 왔는데 배백김치가 아직도 생각나요"
"감칠맛 대박적 !!
닭한마리에
다대기 잔뜩 넣어 끓인 맛 ㅜ","닭도리탕은 맛있습니다. 마늘맛이 강하고 달큰한 국물이 특징입니다.

※ 하지만 볶음밥은 드시지 않는 걸 추천드립니다. 국물이 너무 강렬하고 맛있다보니, 볶음밥은 맹맹한 부추밥을 먹는 것 같았습니다. 돈도 아깝고 괜히 닭도리탕 잘 먹은 것도 아까운 느낌입니다.
차라리 칼국수나 수제비 사리를 추천드립니다.","마늘맛 진한 닭도리탕.
진한 국물요리 좋아하는 한국인이라면 무조건 맛있게 먹을 것 같아요. 마늘이 진짜 많이 들어간 것 같더라고요. 사실 계림 가려다가 웨이팅도 있고 문 닫을 때 돼서 여기로 급하게 온건데 여기도 맛있었어요. 가게가 넓은데도 웨이팅 있었어요."
"맑은 국물을 좋아해서 궁금 했는데
정말 맛있게 먹었다
미쉐린 빕구르망 이라 궁금 하기도 했다.
반찬으로 오징어 젓갈이 나오는 것도 마음에
들고 나는 음식이 무조건 뜨겁게 먹어야 하는데 제대로 뜨거워서 내 마음에 쏘옥..
처음에 먹으면 조금 심심하게 느껴질 수 있는데
계속 국물만 먹다 보면 돼지고기 잡내 없이 깔끔하게 진해서 끝 까지 맛있게 먹을 수 있다.
돼지고기에는 마늘은 필수라 생각 하는데 얇게 저민 돼지고기에 마늘 된장 찍어먹어도 맛있다.
특으로 먹고싶었는데 일행이 저녁에 특 먹는 거 양심 없다고 보통 먹으라 했는데 둘 다 후회함.. 다음에 무조건 특으로 먹어야지.. 그리고 가게가 정말 사람이 많고 북적 인데 직원분들이 전부 친절 하고 말 한 마디 한 마디 기분 좋게 응대 해주셔서 나올 때 까지 기분 좋게 나왔다♡ 돼지 곰탕은 이제 광화문 국밥 , 소 곰탕은 애성회관으로 땅땅! 재방문 의사 있음","돼지국밥, 수육 반접시 주문
간도 어느정도 미리 되어있고, 섬세한 맛의 국밥이라서 첫 한입이 가장 감칠맛도 잘 느껴지고 인상적입니다.
국의 섬세함이 조금 과한면은 있습니다.
반찬들의 맛이 시고 짠 편이라 곁드리면 감칠맛은 가려지고 짠맛이 두드러지고 밥을 말면 쌀밥의 맛 때문에 마찬가지로 국의 감칠맛이 많이 죽고 짠맛이 두드러집니다.
수육도 취향을 많이 탈 듯 하지만 저는 만족스럽게 먹었습니다.",말모말모 담백하고 까알끔한 돼지국밥을 맛볼 수 있습니다. 피순대도 꼭 드셔보세요. 이렇게 사람 많고 회전이 빠른데도 테이블 위 조미료통까지도 깨끗합니다. 음식이 일관성있게 맛있는 건 당연하고요.
"오우....오우....
고기가 정말 끝~~~내줘여 ㅜㅠ
물에빠진 고기 먹고 이렇게 감탄해 보기 첨이네여
진짜 ㅎㅎㅎ 고기가 예술이구요
근데 국물 간이 좀 쎄여~
고기를 간장 양념에 재워놨다가 살짝 넣고 끓여서 제공 허시는 듯한데 간이 사알짝~~ 아쉽습니다 ㅎㅎ
무조건 특 시키시구여
특특도 강추해여","점심시간이 한참 지난 2시 가까이 되어서야 방문하였다~ 그 시간 임에도 불구하고 손님은 5명 정도 있었다.

한우 곰탕이 거기서 거기지 했던 자신에게 미안한 마음을 애성회관에게 전한다.
여기는 맑은 국물의 곰탕인데 보통 맑은 국물의 곰탕은 싱거울 것 같다는 편견 때문에 좋아하지 않는데 간도 딱 맞았다. 그리고 잘 익은 김치가 정말 맛났다. 다들 동의하시겠지만 곰탕 설렁탕은 김치가 반은 먹고 들어간다. 또한 얇게 썰지 않고 두툼하게 올라간 4~5 덩어리의 고기도 맛있었다. 고기를 너무 좋아하지만 일부 설렁탕 곰탕 집의 얇게 썬 고기는 고기 느낌이 나지 않아서 일부러 안먹었는데 쫄깃쫄깃 맛났다.

배가 고파서 그랬는지 음식이 맛있었는지 아님 둘 다 였는지 모르겠지만 너무 즐거운 기억이었다. 근처 직장인들에게 강추!","[★★★]

하동관이랑 비슷한 비쥬얼 이지만
하동관 보다 괜찮다.
지방 낀 부위가 맛있다.
무조건 특 이상 먹어줘야 한다.
김치도 맛있고 덕수궁 근처 갈 때 먹을 거 없으면 가기 괜찮다. 같이 간 일행이 맛있게 잘 먹었다."
"인기 많고... 또 저 역시 자주 가던 곳이었는데...
직원들 태도가 좀 불량 합니다. 교육을 잘 못 받은 것 같아요.
두명은 2인 테이블에 앉으라고 하고서 바로 온 두명 손님은 4인 테이블에 앉히는 센스....ㅋㅋㅋ
그리고 벨 눌러도 안와서 몇번 눌렀다니 두번만 누르라고...
아니 그 전에 오면 안되겠니...","백곰막걸리앤양조장_막걸리주점부문 맛집

최초방문_'20년 11월
최근방문_'21년 5월

1. 옛날 신사역 근처 뎐이 생각나서 찾다가 코타 by 뎐으로 바뀐것을 보고 한번 가봐야지 하고 예약도 없이 갔다가 호되게 당한후 급하게 방문하게 된 것이 첫 방문이었고, 그 후 그 맛이 괜찮아 또 방문을 했다.

2. 여태 내가 가본곳 중 가장 많은 종류의 막걸리를 취급하는 곳이다. 그날 내가 마신 막걸리는 뎐에서 처음마셨고 막걸리 추천 1순위 '이화백주' 부터 '가평잣막걸리', '이름모를 스파클링막걸리' 였는데. 역시나 스파클링 막걸리계에선 이화백주가 가장 좋은것 같다.

3. 안주는 계절마다 바뀌는지, 제철음식이 나오면 바뀌는건지, 잘 모르겠으나. 첫방문 당시 먹은 기가막힌 가리비를 잊지못한다. 이날 먹은 메뉴는
1) 생멸치 무침 : 음... 조금은 아쉬웠다. 멸치회라는 특별함보다는 양념에 묻혀야만했던 멸치 상태가 아쉬웠다.
2) 스지 어묵탕 : 절대 시키고 싶지 않았지만 지인의 간곡한 요청에 시키고 내가 제일많이 먹었다 ㅋㅋㅋ 쪼ㅑㄴ득한 스지와 오뎅탕이 이렇게 잘어울릴거라곤 상상도 못했다. 언제가더라도 꼭 시킬것 같은 메뉴다.
3) 이베리코목살수육 : 묵은지가 같이나오는데 묵은지가 다했다.. 이베리코라했으나 특별함은 특유의 향만 있었고, 어느곳에서나 먹을수 있는 그런 수육이었는데, 묵은지는 그렇지 않았다 ㅋㅋㅋ 메뉴판에 적혀있는 묵은지재주문가격이 왜 있는건지 알수 있는 맛이다.

4. 두번째 방문은 사실...조금 아쉬웠다. 첫방문때는 손님이 몇없었는데.. 이번에가니 어마어마하게 많아졌는데 그 때문에 바빠서 맛에 영향이 생긴건 아닐까 걱정스러웠다. (왜냐면.. 수육도 지난번에 너무 맛나게 먹어서 시킨거다.)

5. 다음 메뉴 업데이트되면 최종검증을 들어가야겠다.

※ 결론
막걸리도 다양해, 안주도 다양해.","그토록 벼르던 백곰 ! ㅠㅠ
오징어김치전은 짱이다
이화백주는 그냥 명성에비해선 평범한듯?
다른 안주들도 아주 맛나보엿다...
늦으면 절대안대고 예약도어려움 ㅜㅋ 맛은 갠탄네 그치만 예약이 너무어렵고 배째라운영방식^^"
"생선종류도 못고르고, 회뜨는데 30분이나 걸린다고 !
헉! 했지만 후후,,,, 회 썰어주는 두께를 선택할수도 있고 딱 맛있는 종으로만 구성되어 있고 와사비도 담뿍 담아서 주더라구요!


30분이나 걸린다고 하였지만 실제로는 전체적으로 한 번 둘러보고 좀 기다려서 받자했지만 바로 받았습니다.

저희는 두께를 두껍게 요청드렸고/ 그래서 숙성회처럼 쫀득한 식감이었어요... 그리고 신선도는 정말 최고!!!

일층에 사람들이 쭉 줄 서있는 곳이 형제상회이고 키오스크를 통해 주문이 가능합니다!
다른 곳에서 직접 골라 주문하는 것도 좋겠지만 여러 종류를 드신다면 추천이에요!","하두 유명하길래 한번 포장해서 먹었다가
그 뒤로 가족식사자리엔 항상 형제상회 회가 등장해요.
픽업가기 전에 미리 전화로, 몇시 정도에 몇인분 얼마짜리 해주세요 하면 웨이팅없이 거의 바로 받아올 수 있더라고요.

연어를 잘 안먹어서 연어 빼고 준비해주십사 하면 다 해주시고,
지난번에 정해진 가격대 이상의 모듬을 주문했더니
가격 맞춰서 (맛이) 화려하게 해주셨어요.
진짜 맛있는 회는 매운탕마저 하나도 안 비리고 달더라고요.
그래서 다음주에도 또 주문해서 픽업해 먹으려고요.","옛날 형제상회에서 한참 포장해서 먹다가 몇 달 만에 시켜 먹었는데 나쁜 경험을 했네요. 회 뜰 때 피빼기는 기본인데, 바쁜 시간이었다는 핑계로 핏기 있는 회를 배송받았네요.
몇 점 먹기 시작했다가 발견해서 직원분과 반품 받기로 커뮤니케이션하고 다시 보냈는데, 사장님인지 연락 오셔서 좀 먹었으니 백 프로 환불은 어렵다고 먹을 만큼 먹다가 반품하는 진상처럼 대하는 걸 보니 어이가 없네요.
시메(피빼기) 잘 안되면 그 생선은 비린 맛이 나서 별로인데.. 그걸 모르지 않을 텐데 아쉽네요.
사장님 입금하고 싶은 금액대로 맘대로 하시라고 통화 끊었는데 반이나 환불 받을수 있을까 싶었는데 입금은 다 하셨네요. 뭐 라면이나 끓여 먹어야겠네요 쩝."
"작년 리뷰를 보고 가서 가격이 오른지 몰랐어요. 500원 올라서 8000원 이네요. 점심 시간에 가서 줄이 꽤 길었어요. 북어국 전문점은 처음봤는데 점수가 높아서 신기해서 방문했어요. 점수만큼은 아니지만 맛은 괜찮아요.
근데 사람이 많아서 그런지 점원분이 일어나는 걸 체크하시는 느낌이었어요. 뜨거운 거 빨리 잘 못 먹어서 눈치가 좀 보였네요.","사실 북엇국이라는 국 자체가 집에서는 자주 먹는 음식이었지만, 밖에서는 음식점도 별로 없고, 집 밖의 장소에서 처음 먹어 봐서 한편으로는 기대가, 내심 한편으로는 걱정이 되기도 했는데요. 들어가서 먹어보니 오길 잘했다라는 생각이 들었습니다. 전일 술을 먹었던지라 속이 안 좋았는데 국을 한 숟깔 뜨니 속이 너무 편안해졌습니다. 안에 북어도 큼지막하게 몇 덩어리 들어 있구요. 부드러운 계란도 별미였습니다. 앗 그리고 두부가 들어가있는데 두부 식감이 약간 치즈같은 식감이 나서 신기했습니다. 국물 맛은 약간 떡국 맛이 비슷하게 나는데, 국물이 진하면서도 소금 간이 강하지 않아서 좋았습니다. 그리고 테이블마다 반찬통이 있어서 살짝 숙성된 묵은지, 부추무침, 오이지가 있는데, 반찬 또한 너무 맛있더라구요. 다른 지역에서도 한 번 방문할 정도의 맛입니다. 강추합니다.","“오늘은 하얀국물 먹을래, 빨간국물 먹을래?” 오늘도 역시 국물의 늪에서 벗어나지 못했구나... 실감하면서 하얀건 뭐고 빨간건 뭘까 잠시 고민... 거의 빨간약과 파란약 사이 고민하는 영화 주인공처럼 ㅠㅠ 결국 하얀국물은 북어국으로 드러났다.

북어국이라니... 사실 외식으로 북어국을 먹어본 적이 없어서 당황하며 들어갔으나 이내 문에 덕지덕지 붙은 블루리본과 망플딱지와 무려 4.5에 빛나는 평점 그리고 북어국 8000원 단일메뉴까지 찐-맛집의 모든 조건을 갖추고 있어 안심.

앉으면 묻지도 않고 그냥 국을 가져다 주심. 반찬은 3가지인데 오이지, 김치, 부추무침. 명성에 비해 반찬은 그다지 맛있는 편 아니었음. 그나마 김치가 새콤. 밥은 잘지은 편!

국은 뽀얀 국물에 북어 약간, 계란 풀림, 두부 약간. 두부가 정말 포인트. 삶아내었는데도 두부가 단단하달까, 식감이 일반적인 국/찌개용 두부보다는 모찌리도후에 가까움. 게다가 두부도 조금 길쭉하게 잘라서 무튼 특이함! 국물은 너무 짜지않아서 맛있음.

왜 오랫동안 이 자리를 지키며 유명세를 떨칠 수 있었는지 이해가 되는 맛이었음. 게다가 빨간 국물은 추어탕이었다고 해서 하얀 국물 고른게 신의 한수라고 생각될 정도."
"서비스가 일단 최고...소스 부족하다하면 더 주시고...
닭갈비 볶아주시다가 하나 흘리셨는데 닭 더 가져다 드린다고 하고... 막국수도 존맛이에요...
맛도있는데 서비스도 최고라... 넘사에요
진짜 대한민국 최고 맛집!!!","직영점에 비해 아쉬운 맛과 서비스

춘천 후평동에가면 우성닭갈비와 1.5닭갈비라고 현지인들이 자주 찾는 닭갈비 집이 붙어있는데요. 우성닭갈비는 어릴적부터 가족들이랑 자주 찾았던 곳이에요~ 몇 년 전에도 거기가서 맛있게 먹은 기억이 있었는데 얼마 전에 보니 그곳이 본점직영점이라 하더라구여? 그래서 이번에 본점을 방문해보자 싶어서 가봤는데 일하시는 이모님 왈, 원래 후평점이 본점이었는데 동면에 새 건물 짓고 확장 하면서 여기가 본점이 됐다고 하시더라고요. 그래서 그런지 건물도 되게 새거같고 넓고 주차공간도 넓어서 좋긴해요.

단, 알바분들 서비스가 별로고 맛도 그때보단 떨어지는 듯 해요ㅠ 우성닭갈비 본점직영점에선 이모님께서 왔다갔다하시면서 늘러붙지않게 계속 뒤집어주셨는데 여기는 젊은 알바생 분들이 가끔 지나치다 뒤적거리고,, 처음엔 불이 너무 세서 탄내가 나길래 제가 뒤집어봤더니 쪼끔 탔더라구여 ^^; 그래도 이모님 한 분이 양념 더 넣어서 우동사리도 볶아주시고 하면서 맛이 좀 회복되긴했어요 ㅎㅎ

찐 실력자 이모님들 손이 모자라다보니 그 자리를 요령이 없는 젊은 알바분들이 대신해 닭갈비 맛도 떨어지는 것 같아 아쉽습니다ㅠ 본점직영점은 지금 어떤진 모르겠으나, 다음에 우성닭갈비를 방문한다면 후평동으로 갈 것 같아요","춘천의 랜드마크인 닭갈비. 그 중에서도 유명한 우성 닭갈비다. 춘천 갔으니 닭갈비 한번 먹어봐야지 싶은 마음에 방문했지만 특별한 감흥은 못 받고 나왔다. 무난하게 먹고 나오긴 했지만 서울권에도 맛있는 철판닭갈비, 닭구이 집들이 많아진 탓인지 춘천에서 원조의 특별함을 바란다면 실망할 수 있다. 맛 자체는 카레향 나는 괜찮은 닭갈비."
"압도적 비주얼, 찐 부대찌개를 드디어 영접하다.

아주 오래전부터 망고 플레이트를 처음 시작할때부터 쭈욱 가고싶다에 있었던 이나경송탄부대찌개… 드디어 12시 전에 집 밖을 나섰기에 한시간 반을 달려 가보았다. 일요일 점심 웨이팅 1시간 정도해서 겨우 들어갔…

2인 20,000원 (공기밥 포함) 만원의 행복이다.

부푼 꿈을 갖고 마주한 부대찌개 역시 비쥬얼은 압도적이었다. 사진으로 본 것 보다 냄비의 크기는 작았다. 마늘과 콩나물을 투척하고 보글보글 끓고 햄을 들어보면 그 속에 양파와 파가 정말 가득차 있는게 매우 먹음직스럽다.

이윽고 한국자 햄과 야채를 가득떠서 밥위에 올려 먹으니 매우 놀랐다. 햄의 풍미는 진짜 풍부한데 여태까지 먹은 부대찌개랑은 다르게 전혀 자극적이거나 짜지 않은데도 감칠맛이 있다. 야채가 많은 것이 넘나 내스타일. 염분에 민감한 편이어서 다리가 부을것 같은 맛이면 어김없이 반응이 오는데 밥한공기를 다 먹고 나서도 입에 이물감이 전혀 없다. 양이 적을 것으로 생각했는데 생각보다 많고 반정도 먹다가 라면사리(진라면) 넣고 채수 넣고 다시 끓여먹으면 또 맛있다ㅜㅜ 김치가 익은김치가 나오는데 라면이랑 잘어울린다… 싱거우면 싱거운대로 또 끓이면 걸죽한 대로 맛있다. 흑흑 어떻게 부대찌개가 이렇게 깔끔할 수 있죠?

다먹고 뒤를 돌아보니 모든 사람들이 땀을 뻘뻘 흘리며 말도 없이 전투적으로 먹고 있다 ㅋㅋㅋㅋ 진짜 맛있다는 뜻 ㅋㅋㅋㅋㅋㅋ 다시 이 먼곳까지 올 순 없을 것 같지만 수원 맛집 인ㅋ정ㅋ 부대찌개 맛집 인ㅋ정ㅋ 제발 서울에 분점이 생겼음 좋겠다ㅜㅜ

그리고 잘되는 집은 역시 다르다고 생각한것이 여사장님 레이더가 보통이 아니시다. 손님먹는거 부족한거 다 챙기면서 직원들 케어하고 포장 챙기고 계산하고 엄청 친절하심… 직원들도 엄청 웃으면서 일한다. 그런게 보기 좋았다. 체계가 잘 잡혀있음.","맛도 맛이지만 효율적인 운영 시스템, 친절함도 인상적이었던 곳.

맛 측면에서 훌륭했던 점은 크게 맛있기 힘든 부대찌개란 음식을 맛깔나게 서빙하고 실제로 맛도 다른 곳과는 다르게 낸 다는 점이에요. 훈제소세지, 햄, 소세지 총 3가지 가공육이 듬뿍 들어가 우러나는 국물 맛은 다른 집의 국물과는 다르더라구요. 육수 자체는 좀 맑았는데 끓이면 끓일수록 깊이감이 있는 게 좋았어요. 3가지 가공육 각각이 큰 차이는 아닌데 나름의 매력이 있어서 취향껏 즐길 수 있는 점도 장점이라고 생각해요. 반찬은 단촐한 편이었는데 아쉬움이 들 정도는 아닌 듯! 그리고 기본적으로 양, 구성이 정말 푸짐해서 따로 추가로 주문할 필요가 없었어요.

웨이팅이 없는 건 아닌데 최소화를 위한 관리는 잘되는 것 같아요. 쉴 틈 없이 주문 - 식사 - 뒷정리가 딱딱 돌아가는 느낌이라 방문하는 손님 수에 비해 회전율이 좋아요. 자칫 속도에 치여 음식의 맛이나 서비스의 디테일이 떨어질 수 있는데 사장님으로 보이시는 분이 홀을 총괄하시면서 세세하게 신경써주시는 점이 인상적이었어요. 저희 테이블 의자에서 끽끽 소리가 나는 걸 보고 바로 체크해두는 모습이 기억에 남네요.

굳이 찾아가야 하는 부대찌개? 상상하기 조금 힘들 수 있지만 굳이 찾아갔을 때 실망하지는 않을 것 같은 집. 오래도록 장사 잘 될 것 같은 집이었어요.",맛낫죠 예은이랑
"<깔끔한 국물과 잘 익은 김치>
보통 설렁탕을 먹다보면 막판에 국물이 느끼하고 고기기름 맛이 많이 느껴지는데 이 집은 고기기름을 잘 제거해서 너무 깔끔하고 맛있다.

김치는 잘 셔서 새콤짭짤하니 밥 한 숟가락 떠서 김치 얹어 먹으면 환상!!

고기도 많이 주는데 만원밖에 안하니 가성비도 좋은 집이다",고기국물이 아주 찐해요 진국입니다. 국물에서 살짝 기름기가 느껴져 술 마신 다음날 속을 달래주기 딱입니다. 그냥 마시게 돼요 ㅎㅎ 국물도 국물이지만 안에 고기도 육즙 다 빠져서 퍽퍽한 스타일이 아니었고 적당히 기름기 있는 부위라 맛있었어요. 푹 익은 김치를 별로 안좋아해서 김치는 제 스타일이 아니었지만 전 국물만 집중공략해서 김치 먹을 생각도 안했어요.. ㅎㅎ 수육도 맛있을 것 같아요 다음에 먹어봐야겠어요.,수육에 대한 경험이 별로 없는 교포 신랑도 정말 맛있다며 열심히 먹었다. 머릿고기와 차돌박이의 부드러우면서도 기름진 감칠맛이 혀에 맴돈다. 슴슴한 설렁탕에 달짝시원한 깍두기 올려 먹는 맛도 일품이다.
"생일에 다녀왔던 익스퀴진
생각보다 매장이 아담해서 놀랐는데 그래서 그만큼 조용하고 아늑하게 즐길 수 있었다
다른 곳에서 볼 수 없는 개성 넘치는 메뉴들로 구성되어 있어서 더 좋았던 곳!
메뉴가 바뀔 때 또 한번 가봐야겠다",ㅆㅅㅌㅊ,"코로나 19속에서 여행을 다녀온 느낌.
이게 한식 컨템퍼러리 이라고? 진짜 최고다.
한식 재료로 완전히 새로운 요리를 창조해 냈다.
사실 전혀 정보 없이 급하게 가서
한식베이스인지 전혀 몰랐는데 먹다보니
어디선가 먹어본 익숙한 맛이 나는데 비주얼과 조합은 완정 새로운 신세계를 경험하다가 식사중에 검색해봄.
한식에 대한 편견, 선입견을 완벽하게 깨주는 곳.
계절별로 방문하여 새로운 코스를 먹어보고 싶고,
기념일에도 방문하기 너무 좋아서 추천하고 다닐 예정."
"굿
최고
담에또올게옷","한줄평 : 맛보다는 공간, 분위기, 서비스를 종합하면 최상

1. 고기는 오마카세로 훌륭하다. 다만 모퉁이우 본앤 브래드처럼 미식의 극치는 아님. 그 가격대에 먹을 수 있는 훌륭한 고기는 맞지만, 극상의 미식가에겐 X

2. 위스키 페어링은 솔직히 비추. 가성비가 떨어짐. 한급 높은 위스키를 주었으면 좋겠는데 ㅜ 위스키와 소고기는 궁합이 좋았지만, 즐기고 싶다면 콜키지를 해 가자!

3. 서비스, 공간은 최고. 룸으로 운영되고, 뷰도 좋다. 셰프님도 친절하시다

종합 : 미식의 극치보단, 단체로 맛있능 것을 먹으면서 분위기 좋게 대화할 수 있는 곳!","완벽한 굽기의 한식 쇠고기 맡김차림 코스.

정통 스테이크 하우스의 분위기를 갖추어, 식당 초입의 홀에 웅장한 위스키랙과 곡선의 멋진 바가 반겨준다. 몇 개의 반투명 유리로 막음 된 방들은 식객들의 모임에 최적이다. 전철역에서 올라가는 것보다 남산순환도로에서 내려오는 것이 더 편한, 멋진 뷰의 레스토랑이다. 우람하다에서 온 이름 우라만.

쇠고기는 등급도 좋아야 하지만, 어떻게 굽느냐도 참 중요하다. 굽기가 오히려 더 중요한 지 모른다. 무쇠 불판에 기름 두르고 버터 끼얹으며 굽는 것보다 숯불 직화로 굽는 것이 더 어렵다. 불을 고루 써서 태우지 않고 시어링을 일정하게 하기 쉽지 않기 때문인데 움직이는 불을 잘 쓰는 것이 핵심이다. 우라만의 김쉐프는 참 잘 구웠다. 동굴저음도 멋진 쉐프.

아무즈 부슈는 두 개의 두부와 후무스 그리고 상큼한 당근김치. 대요근인 안심의 두꺼운 원통이 시작. 잘 구워 한 입 크기로 잘라 한 점씩 개인접시에 놓아 주고, 나머지는 가운데 공용 보온 불판에 얹는다. 말든소금, 트러플소금과 생와사비의 컨디먼츠. 야채스틱과 쌈장, 샐러리피클과 씻은 묵은지가 고기의 컴패니언.

안심 후에는 안창살은 원래 얇으니 한 입 크기로, 살치살은 두께를 달리 어슷 썰어 구워낸다. 부위는 달라도 굽기와 시어링은 일정하다. 크리스피한 표면과 촉촉한 고기의 질감. 얇은 고기일 수록 어려울텐데 숙련된 타이밍의 산물. 쉐프의 내공이다. 느끼하기 쉬운 살치살도 부드럽게 풍미를 가두었다. 좋은 고기야 집에서도 얼마든지 구워먹을 수 있지만, 이런 최고의 굽기 기술을 맛보기 위해 기꺼이 15만원을 쓴다.

척추기립근인 등심은 마블링이 과하지도 작지도 않다. 간장을 사용하지 않은 양념 등심은 한식베이스의 쇠고기 오마카세를 리마인드 한다. 익숙한 불고기의 맛. 놀랍다. 등심은 소금에도 좋으나 이날의 킥 토하젓과 블루치즈를 섞은 장에서 맛의 정점을 이루었다. 아. 이런 조합이 있구나. 깍두기 처럼 잘라 불 위에서 굴려 낸 알등심 조각들이 향기로운 소스를 휘감고 잘 익은 피노누아와 함께 맛 중추인 안와전두엽의 백질에 기록되었다.

알찜이라 부르는 계란찜. 계란찜 위에 전복내장소스를 얹고 작은 팽이와 느타리버섯과 돌나물을 찐전복과 함께 낸 것도 일품. 고기 사이사이에 나오는 한식 접시들. 매생이굴탕이나 만두는 계절을 일깨워 주었다. 타코는 의외의 한 접시였는데 고수도 꽤 신선하여 반전을 주었다. 잘게 다진 고기가 양념과 잘 어우러진 타코. 식사로 선택한 메밀들기름 비빔면, 그리고 친구들이 선택한 된장죽은 깔끔했다. 전반적으로 한식 접시들은 제 역할을 했으나 양이 많았다. 고기양은 좀 더 늘이고 다른 접시들은 양을 약간 줄이면 좋겠다는 바람. 비빔면에 나온 미소시루나 맛이 없는 와사비는 감점요인.

대중교통으로 접근이 좀 어려운 위치에 있으나 잘 구운 쇠고기 먹기 위해 기꺼이 수고를 감당할 만한 참 좋은 식당이다. 미세먼지가 없어지면 식당에서 바라보는 석양은 고기 맛을 한층 더 돋울 것 같았다. 참 감사하고 우람한 저녁이었다."
"맛 ⭐️⭐️⭐️⭐️⭐️
분위기 ⭐️⭐️⭐️⭐️

맛집이다
이거 하나로 결론났습니다

겉바 속촉에
안에 밥이 있고 흔히 먹었던 전기구이랑 다르게
맛있습니다
겉저리가 같이 나와서 기대했지만 살짜코롬 아쉽습니다
왜 연애인들이 많이 왔는지 알것같은 맛집이고

이영자 선생님 픽은 믿을만 합니다
둘이서 먹고 배불리 퇴장했습니다

식혀서 먹어도 맛있다 하니 먹고서 싸가서 가족이랑 드시는것도 추천 드리고 만약 빛이 나는 홀로시라면 다음날 드셔도 충분한 맛입니다",장인의 맛이다.... 김치도 존맛탱,"한남동에서 한방통닭 모르는 사람 없을듯
진짜 겉은 바삭바삭 윤기가 촤르르르하고 속살은 촉촉하다. 매장 가득한 연예인들의 싸인도 진짜구나 끄덕끄덕 했던 ㅋㅋㅋㅋㅋ
매장에서 먹어도 포장해서 먹어도 맛있는 한방통닭 ㅠㅠ"
"오랜만에 갔는데 맛있어요
홍대에 회 맛있는집 없어서 ㅠㅠ 회하면 여기만가네요
광어랑 오징어 먹었는데 맛남","사실 이집은 겨울철 대방어가 유명한데 (심지어 대방어철에는 포장도 웨이팅), 방어와 함께 시킨 멍게에 반해서 꾸준히 포장하러 들리는 곳.
갈수록 겨울만큼 실하지 못해서 아쉬움은 있지만 올해 겨울을 다시 기다려 본다.",두꺼운 회는 취향이 아닌갑다.. 너무 두꺼우니까 부담스러웠다
"여기만의 색이 정말 강함!! 진짜 양념갈비 원탑. 인생갈비맛집 찾음!!!!! 말이 필요없다!!!!!!

양념이 뭔가 독특한데 진짜 맛있음. 밑반찬이나 소스류도 직접 만드는 느낌인데, 뭐하나 평범한게 없어서 호불호 심할 듯. 저는 극극호, 일행은 극불호ㅋㅋㅋ

그렇지만 식사끝나고 일행이랑 나오면서 갈비는 원탑이라며 조만간 또 오기로 약속함.","한줄평: LA 한인타운 갬성 갈비 먹으러 왔다가 양념게장 추가해 먹는거 몬쥐알쥐? 가릿~! 빼애앰!!!

미국 캘리에서 물 좀 먹어봤다, 그것도 한인타운 좀 껄쩍거려봤다는 사람이라면, 이곳을 보는 순간 익숙한 스멜이 느껴질 것이다.

작년부터 '코리아타운 어딘가에 있을법한 갈비집' 컨셉으로 영등포일대에서 인기몰이중인 청기와타운. 현란한 네온사인 글자와 마치 직역한 느낌 뿜뿜 Blue roof town이란 이름 간판이 인상적이다. 실내에는 SOJU MACJU 써진것도 철저한 컨셉 포인트.

1층에 들어서자마자 와인이 좌라락 서있는데, 알고보니 와인을 마시고 싶으면 이곳에서 픽업해서 구매하고 자기 자리에서 마시면 된다고 한다.(나중에 나올 때 알게됨)

한정메뉴로는 수원LA왕갈비. 왕따시만한 소뼈에 살코기가 붙어있는 갈비를 한정수량으로 판매한다.
우리는 일단 이거로 2인분을 주문하고 나중에 추가로 LA 양념갈비를 추가했다.

이거는 수원식 소금양념을 한 큰 LA갈비였다. LA갈비라면 통상적으로 살코기가 적은데, 여기는 도톰하다. 양념은 달달한 맛이 느껴졌는데, 나중에 찾아보니 배 사과 등 과일을 많이 넣었다고 한다. 이모님들이 구워주는데 갈비맛이... 엄지척을 지대로 부르는맛!!!! 육즙도 안빠져나가서 맛있고, 양념도 달달하다! 고기 퀄리티도 좋은것 같다.

무엇보다도 밑반찬이랑 같이 곁둘여먹는게 진짜 맛있다. 대파를 간장에 절인 소스도 맛있는데, 더 맛있는건 바질소스!!!! 이거 바질 향이 미쳤음... 갈비랑 진짜 잘 어울린다.

그리고 무엇보다도 꼭! 꼭! 명심해야할 건, 이집 ❤양념게장 맛집❤ 이라는 스.아.실.!!!!

밑반찬으로 나온 게장이었는데, 진짜 맛있음 ㅠㅠ 아니 얘가 주인공이야!!!!??? 게살도 나름 통통하게 들어있어서 쪽쪽 빨아먹기 최고!!! 6000원 내면 한접시 추가도 가능한데, 추가하니 게가 5마리? 정도 더 나오는거 같다!! 엄청많음!!! 가성비가 지려버렸다...❤

재방문의사 200% 있는곳! 네이버로 예약되니 예약하고 가기를 추천! 와 진짜 미쳐버린 갈비맛집, 게장맛집 이었던것☺☺☺","LA갈비를 정말정말 좋아하는 저로써 이 곳은 진짜 추천 드리고 싶습니다 ! ❤️
외관이 80-90년대 미국 한인타운의 상점들처럼 인테리어를 해두어 신선함이 느껴집니다

이 곳은 기본 반찬부터 일반 음식점과 다릅니다
돼지감자절임, 양념게장, 동치미, 조개젓갈 , 배추겉절이, 감자샐러드, 생와사비 거기에 + 가장 인상적이였던건 바질페스토 !
.
이 곳에 방문하면 꼭 주문해야할 메뉴가 수원 LA왕갈비 !
큰 갈빗대가 인상적인데요
2인분씩 주문이 가능한데 1인분씩은 주문을 안받는게 아쉬웠습니다
고기가 나오면 직원분들이 구워주는데
질겨지지않게 계속 뒤집으면서 구워줘서 양념이 타지 않고 부드럽게 먹을 수 있습니다
.
간장양념에 적셔서(전혀 짜지않다)
바질소스나 와사비를 얹어 먹으면
정말 맛이 최고 사르르...
.
청기와타운 LA갈비는 수원LA갈비 보다는 양념맛이 강한편입니다
가격으로는 수원LA갈비보다 저렴?한편이지만 맛에서는 전혀 밀리지 않는다(오히려 뜯는 맛에 나의 취향저격)
.
안창살은 양념된 갈비 먹기 전에 구워 먹었는데 특징적인 것이 없이 무난한 맛? 기본적인 맛이여서 조금 실망스러웠달까요 (기대가 커서 그런걸지도)
.
하지만 청기와타운 한우육회는 특별합니다
내가 먹어본 육회 베스트3위안에 듭니다
(1위는 잠실 늘푸른목장)
일반적으로 노른자와 아사삭한 배가 올려진 육회가 아닌 송로버섯이 서브가 된 육회!
.
일단 디자인도 케이크처럼 이쁘게 밑에는 아보카도가 깔려있는데 직원분이 말하시길 절대 섞지 말고 위에서 아래로 퍼서 먹으라고 안내줬습니다
한입 먹으면 담백하고 고소하면서 송로버섯의 향이 풍미를 더하게 됩니다
너무 맛있어서 배부른데도 젓가락이 갔습니다
.
고기를 많이 먹어 물릴꺼 같다면 양념게장으로 입안을 게워주는 것도 좋습니다
더 맛있게 먹으려면 양념갈비를 먹고 난 그 불판에 게장을 올려 익혀 먹으면 또 하나의 별미 이져
짭쪼름하면서 매콤해서 갈비 만큼 손이 가는 작은 사이드 메뉴로 변신 !
술을 계속 안 마실 수가 없습니다
.
식사메뉴는 토장찌개와 냉면 딱 2가지
배불러서 냉면은 다음에 먹어보기로하고 토장찌개를 주문해서 맛봤는데 비지처럼 올려진 연두부가 올려져 구수하고 담백한 맛이 났습니다
살짝 칼칼한 맛이 부족해서 아쉬운 ?
너무 청국장 스러운 느낌이 들기도 했는데 이런 토속적인 맛을 좋아한다면 추천드려요
.
첫방문이였는데 직원분들이 단골 대하듯 불편하지 않게 서비스해주는 부분도 만족도중에 크게 차지한거 같습니다
웨이팅 하는 분들은 보면 SNS에서 핫하기에 젊은 사람들이 많을꺼 같지만 예상외로 연세 있으신 분들도 대기가 많으시다. 그만큼 남녀노소/ 호불호 없이 많은 분들의 좋아하는 맛집이 된거 같아 다음 재방문도 기대됩니다
.
서울 영등포구 영중로10길 32-4
영등포역 5번출구 369m
가격정보
-즉석양념 안창살(₩21,000)
-수원LA갈비(₩25,000)✅극추천!
-LA갈비(₩19,000)✅극추천!
-한우육회(₩28,000)✅극추천!
-청기와토장찌개(₩6,000)
-냉면(₩6,000)"
"한남동 뒷골목에 있는 부토. 이전에 좋아했던 프라이빗 이탈리안 가정식집이 없어지고 그곳에 생긴 것이 부토였다. 개인적으론 밉지만 후기들이 다들 좋아 느즈막히 이제서야 방문. 오징어 순대를 시작으로 유명한 베지테리언 사시미와 가지 멘보샤 먹음. 오징어 순대는 특별할 것 없는 오징어 순대로 들기름과 매콤한 황태 초무침 조화가 의외로 네추럴 와인과 잘 어울렸다. 베지테리언 사시미는 아보카도, 청포묵, 목이버섯, 비트 등 자연에서 오는 식물성 재료의 향과 식감을 살려 싸먹는 것인데 특별한 조리가 된것이 아닌데도 재료들 끼리의 조합이 좋아 집에서 해먹어도 될 것 같은 스타일의 안주. 가지 멘보샤도 가지의 쫀득한 식감과 통통한 새우살이 어우러지고 기름이 꽤나 많았는데도 이상하게 느글거리거나 하지 않아 맛있게 먹었다. 뒤에 두 가지 메뉴는 인기있어서 시켜본 것인데 충분히 그럴만 하다고 느껴짐. 네추럴 와인은 잔으로 시켰는데 마실만한 정도로 가격이 비싼 편이라 두세잔 시킬거면 병으로 추천한다. 다만 여기, 절대 식사 후 오는 것을 추천.. 가격 대비 양이 타파스 수준으로 너무 적어 두명이서 세개로는 턱없이 양이 부족.. 그치만 모든 음식이 조합도 새롭고 맛이 좋아 만족스럽게 먹었던 곳.","메뉴 하나하나 다 맛있었어요.
특히 저 가지/새우 튀김!","동생이랑 둘이가서 감탄사 연발하면서 먹었어요
청어알 비빔면하고, 타피오카 가지튀김이었나 ,? 넘나 맛있더라구여, 사장님도 유쾌하시고 ㅎㅎㅎ"
저는오늘부터가성비를좋아하기시작합니다,가격이 저렴한 건 알겠는데 그렇게 맛있는지는 모르겠다. 고기를 구운 거니 당연히 맛있어야 인지상정이지만 딱 고기를 구워먹어 행복하다는 그 정도의 만족감ㅋㅋㅋ. 뭔가 결정적인 한 방은 없다. 무엇보다 원래 이런 분위기를 원하고 찾는 사람들이 많겠지만 시끄러워도 너무 시끄러워서 음식이 코로 들어가는지 입으로 들어가는지 모르겠을 정도였음. 가게에서 은은하게 나는 정육점의 생고기 냄새도 그닥 식욕을 돋우는 포인트는 아님ㅋㅋ..,"— 2명이서 갈비 한짝 + 된장찌개 클리어 —

경제활동을 하고 있으나, 한우란 음식은 아직까지 엄빠찬스가 더 좋은...그런 내게 여기는 자랑스럽게, 친구들과도 부담없이 갈 수 있는 곳이다. 맛과 질적인 측면에서도 훌륭하고, 사장님의 철학과 서비스도 멋들어지는 곳이다.

메뉴는 꽤 간단하다. 갈빗살 반짝(300g) / 갈빗살 한짝(600g)이 있고 밥종류는 된장찌개 하나가 전부다. 단순명료한 메뉴가 때때로 음식에 대한 기대감을 불러 일으킨다. 살치살을 더 먹고 싶어 시원하게 97,000원짜리 갈비 한짝 주문!

1. 식육처리 기능사 자격증을 보유하신 사장님께서 갈비를 직접 정형하셔서 고기를 내어주신다. 그때문인지 고기의 때깔이 정말 너무 곱다. 선홍빛에 예쁘게 있는 마블링들, 그리고 약간의 핏빛으로 고기의 신선도를 가늠할 수 있다. 고기를 따로 구워주는 집은 아니다. 이 집의 고기가 맛있을 수 있는 이유는 바로 ‘비장탄’덕분이기도 한데, 깨끗하게 손질된 탄 덕분에 더욱 믿음이 갔다.

2. 밑반찬류에는 샐러리(마요네즈/쌈장) 상추+파무침 김치 깻잎절임이 나왔다. 모두 나무랄데 없었다. 특히 파무침의 경우 일반 고깃집에서 내어오는 것보다 새콤한 맛이 특징이었고, 깻잎절임도 생각보다 양념이 강하지 않아 본인입맛에 딱 맞았다. 샐러리는 고기가 느끼하다 싶으면 한번씩 먹어주기에 훌륭한 찰떡궁합!

3. 불판에 열이 오르면 고기를 굽는다! 미듐 웰던으로 먹기 때문에 시간은 좀 걸리지만 그 사이에 마늘도 구워서 먹고, 샐러리도 먹어주면 심심한 배를 달랠 수 있다. 고기는 굉장하다. 갈빗살은 특유의 감칠맛과 꼬들함이 매력적이고 한 입에 넣기에 알맞다. 살치살의 경우에는 말해 무엇??? 정말로 입에서 살살 녹는다. 느끼함보다는 풍부한 육즙덕분에 파무침이나 김치와 먹어도 고기 본연을 살리면서 조화롭게 먹을 수 있다. 웨이팅을 한 덕에 안창살을 더 내어주셨는데, 이 또한 너무 맛있었다.

4. 된장찌개 + 공기밥 : 여기 된장찌개 양 엄청 많다. 두부와 고추가 가득 들어있고, 갈비 뼛대가 들어있는 점이 특징이다. 동행은 여기 안에 들어있는 갈비 뼛대도 뜯었먹었다 ㅎㅎㅎㅎㅎ 고기 먹으면 밥을 안먹는 사람이지만, 뭔가 이 날은 된장찌개 국물을 한 술 뜨고 싶어 먹었다. 칼칼하고 시원하다. 특히 두부를 어디서 공수해오시는지 모르겠지만, 두부가 뭔가 맛이 더 깊다(?) 일반 시중에서 으스러지는 두부가 아니라 더 좋은 두부를 쓰거나, 아니면 혹시 이것도 직접 만드시는게 아닌지.....

전체적으로 너무 만족스런 식사였다. 가게 규모는 테이블 수가 8-9개 정도로 길쭉한 직사각형 모양이며, 그리 크지 않다. 그런데 또 올 것 같다. 부모님도 모시고 싶고, 친구들이랑도 또 올 것 같은 집!!!!


+ 계산대 쪽에 있는 꼬마가 참 귀엽당 ㅎㅎㅎㅎ"
"양고기수육 양고기전골 둘 다 넘 맛있었어요
엄청 부드럽고 냄새 1도 안나고 대만족
재방문 의사 매우 있어요. 콜키지프리라 더 굿","장어를 세 가지 방법으로 먹는 것이 히쓰마부시라면, 양을 세 가지 방법으로 먹는 것은 운봉산장에서!

이번에는 축구 끝나고 후배들 밥 사주러 방문. 예약은 반 필수다. 맨 안쪽 방에 자리를 마련해 주셨는데, 복도를 지나가면서 매장이 은근 크다는 걸 실감했다.
--------
♤ 수육 (23,000₩) ×2
♤ 갈비 (23,000₩) ×2
♤ 전골 小 (25,000₩)

뭘 좋아할 지 몰라서 다 준비했어... 그런데 세 메뉴가 하나같이 다른 방식으로 맛있어서 거를 타선이 없다.

수육은 이전에 먹어봤음에도 신기할 정도로 연하고 냄새가 안 난다. 갈비탕이나 삼계탕도 이렇게 뼈와 살이 쉽게 분리되지 않는데... 기이할 따름. 여기까지 와서 수육 안 먹는 건 큰 실수하시는 겁니다.

룸에서는 연기 때문에 갈비를 자리에서 굽지 않고, 주방에서 다 구워서 가져다 주시는데, 보는 재미는 없지만 먹기에는 훨씬 편하다. 수육이 워낙 유니크한 여기만의 메뉴라서 우선순위는 밀리지만, 배와 지갑에 여유가 있다면 갈비도 드셔보시길.

전골도 빼놓을 수 없다. 고소하고 쫄깃한 고기도 꽤 많이 들어 있고, 기름기가 별로 없다 보니 느끼하지 않은 점도 좋다. 칼칼하고 걸쭉한 게 아주 그... 술을 부를 뻔했다. 1년 전의 나였으면 절대 못 참았지. 라면사리와의 궁합도 장난 아니다.
--------
만만한 가격은 아니지만, 그럼에도 불구하고 이렇게 인기가 있는 것에는 다 이유가 있는 법이다.
.
★★★★☆",.
"어플에 뜨기 전부터 외관이 괜찮아서 가볼까 싶던곳. 언제부턴가 유명해졌다. 후기가 너무 괜찮아서 결국 한창 코로나 심할때 시켜먹었는데 대만족.
아니 무슨 치킨에 멸치를 버무리냐고 비웃던 친구가 한입먹고 반했다. 어머니가 어릴적 해주시던 달달한 멸치반찬소스와 치킨의 조합이 절묘하고 환상적이다. 연근치킨도 있는데 개인적으로는 꽈리고추치킨이 더 맛있다. 생각보다 맵다. 맛있는 매콤함이다.","먹기전엔 기대
먹는중엔 의심
먹고나선 분노",.
"✦ 맛 5/5 분위기 4/5 재방문의사 O
✦ 어디에 홀린듯 맛있게 먹고 온 숙성 돼지 불고기 집

일주일에 딱 4일, 목금토일만 영업하는 곳!
하루에 딱 11테이블만 받고, 당일 아침부터 전화로 예약을 해야만 먹을 수 있는 곳!
근데 전화연결이 쉽지않다. 힘들게 연결되면 이미 예약 마감이 되고 난 뒤 ㅠㅜ
어렵게 어렵게 전화연결 후 예약해서 방문했었다.

테이블당 한테이블만 받고 있어서 내가 방문 했을땐 이미 우리 테이블이 마지막 타임 예약인듯했다. 다 먹고 간 흔적들이..
전화로 예약할때 주문도 미리하는데, 도착하면 사장님이 재빠르게 구워서 내주신다. 그리고 고기에 대해 설명을 해주시는데 고기는 유산균이 가득한 고기라 먹고나서도 더부룩하지않고 소화가 잘 된다고...!

일단 불판의 모양이 예사롭지 않다. 처음보는 모양의 불판. 그리고 이 불판 위에 김치를 올려주시는데 이 김치가 또 엄청난 매력이있는 맛이다! 고기와의 궁합도 좋은..!
고기는 평소 익히 알던 돼지불고기의 비쥬얼보다는 뭔가 큐브 스테이크 같은 모양이다. 그리고 지방부분은 없이 살고기부분만 있다! 좀 질길거라 생각했는데 아니?!!?! 뭐지 이 부드러움?! 분명 돼지를 먹었는데 뭔가 소고기같은 맛이 났다. 촉촉하고 부드럽고..
김치가 그냥 먹으면 약간 매운데 이상하게 고기랑 먹으니 맵지도 않고 딱 좋았다. 더 신기한건 생마늘이랑 먹으라고 해서 먹었는데 마늘의 알싸함이 하나도 안느껴지고 고소하고 맛있었다!! 어디에 홀린듯이 신기할 정도로.. 맛있었다!
고기 가격이 좀 있다고 생각했는데 아니! 이 맛을 보고는 전혀 가격이 있다고 생각이 들지 않았다.
이 불판에서는 고기를 아무리 오래 올려놔도 안탄다던데 정말 타지 않았다!
밥을 주문하면 된장국이 나오는데 뭔가 시골에서 먹는, 집에서 먹는, 정겨운 맛이었다!!
찬이 비면 바로바로 채워주시고 엄청 친절했다!
다 먹고 나면 후식으로 식혜를 주시는데 식혜까지 너무 맛있었다.
예약하기가 힘들지만 글 쓰는 지금, 당장달려가서 또 먹고싶다 ㅠㅠ","8개월만에 또 갔네요. 가는데 1시간, 먹는데 1시간, 오는데 1시간. 일년에 한번은 가는거 같아요. 저도 시간을 낼 수 있어서 가지만, 여긴 프리한 분 많으신거 같아요. ^^;;;

가격은 또 오른거 같네요. ㅡㅡ 1인분 25000. 여전히 육즙도 많고 부드러우네요. 공기밥과 같이 나오는 우거지된장국도 여전히 맛있네요. 물론 식혜도 별미이구요.","아무리 맛있는 고기도 계속 불판위에 있음 처음보다 맛이 못하고 뻑뻑해지기 마련인데, 처음부터 끝까지 촉촉하고 맛있다. 맨 처음 한입 먹었을 때의 느낌은, 마치 소고기 레어로 구워먹었을때와 같았다. 입 안에서 육즙이 팡팡 터진다.
긴 숙성 기간으로 유산균이 살아있다고 하는데 진짜로 속이 편하다. 식사 끝나면 주시는 식혜도 맛있음
1인분 250g으로 보통 고깃집보다 양이 많은 편이라 2인분만 시켰는데 바로 후회했다. (추가 주문 안됨)
차를 가져가서 술을 못마신게 너무 아쉬웠고, 다음엔 꼭 3인분을 시켜야겠다."
"<삼각지역에서 깔끔한 회 먹기>
물고기주택을 다녀온 것은 작년 겨울이었다. 그런데 적는 것을 까먹어서 지금 적게 되엇다 ㅎㅎ;;
사실 저녁 먹으러 방문한 것인데 이미 웨이팅이 어마어마해서 예약자 이름에 올려만 놓고 근처 고기집에서 고기 먹고 오니 딱 자리가 있었다.

근데 우리가 들어간 시간이 아마 7시 조금 넘은 시간이었음에도 불구하고 어마어마한 웨이팅이 있어서 새삼 물고기주택의 인기를 느낄 수 있었다.

내부는 굉장히 깔끔하다. 우리가 생각하는 시끄러운 횟집 보다는 정갈한 식당 느낌이 많이 났다
기억이 정확하지는 않았지만 모듬회로 주문을 했다. 회는 전반적으로 깔끔하게 잘 나온다. 그리고 물고기도 노량진 수산물 시장안에 있는 횟집과 동시에 공유한다고 한다. 그러다보니 다른 횟집보다는 깔끔하고 맛있다.

마지막으로 나온 매운탕은 꼭 먹어보시길 추천한다. 정말로 얼큰하다ㅎㅎ

삼각지역에 괜찮은 식당들이 많이 생겼는데 물고기주택도 그중 하나이니 꼭 방문하시길","✔️ 삼각지에서 회 먹고싶다면? 물고기주택

동네 탐방하던 중 이전부터 망고 리뷰 보고 가고싶었던 물고기 주택으로-! 1, 2층으로 되어있는데 우리는 2층에 앉아서 먹었다.

내가 항상 소래나 노량진에서 회떠다 먹어서 그런지 몰라도 여기 모둠회 시작이 55000원 부터인데 둘이서 먹기엔 조금 부담스러운 가격이었다.

회는 특별한 점은 잘 못느꼈지만 근방에 깔끔하게 먹을 수 있는 곳이 이곳밖에 없고, 다음에도 재방문할 거 같아서 맛있다 줌.","재방문에도 여전한 간장소스맛과 선어회의 쫄깃한 식감!
.
연어, 광어, 방어 등 뭐하나 맛없는게 없지만 개인적으로 이곳은 연어가 찐인 듯하다! 연어와 이곳 간장소스의 조합은 가히 최고!
.
어느새 예약없이 방문하기 힘들어진 식당!
2층 가옥 구조로 단체는 2층의 시끌벅쪽한 분위기
소수방문시 1층의 오붓한 분위기로 구역 구분도 잘되어있는 듯하다!
.
노량진에서 회를 직접 가져오기때문에 신선도는 정말 극상!"
"-
상호 : 평장원
위치 : 수원 영동시장 부근
평양냉면 8,000원

※더욱 자세한 후기와 사진은 블로그를 참고하세요

묵직한 육수와 저렴한 가격이 장점인 평양냉면을 파는 이북음식 전문점 '평장원'
여러 가지 측면에서 깜짝 놀란 평양냉면 집이다.

'평장원'의 특징은 국내산 원재료를 포기함으로써 평양냉면 한 그릇을 8,000원에 팔고 있는 가격 경쟁력을 갖춘 곳이다.
국내산 원재료를 거의 쓰지 않고 외국산 원재료로 어떻게 이 정도 퀄리티의 평양냉면을 뽑을 수 있는 것이 대단하기도 하고 신기하기도 하다.
동시에 이렇게 좋은 실력에 원재료를 제대로 세팅한다면 정말 엄청난 평양냉면을 만들 수도 있을 것 같은데, 가격 경쟁 때문에 원가 절감을 한 것 같아서 오히려 아쉽기도 한 곳이다.

육수는 상당히 묵직하며, 육향과 간도 강한 편인데, '능라도'의 육수 맛과 거의 흡사하다.
개인적으로 원산지 표기판을 보지 못했다면 당연히 국내산 한우나 육우로 뽑은 육수라고 생각할 정도로 맛있었다.
중국산 메밀은 국내산 메밀에 비해서 향긋한 향이 약했는데, 오히려 메밀의 향이 약해서 육수의 육향이 더욱 도드라지게 느껴졌던 것 같다.

면발은 중국산 메밀이라 향긋한 메밀 특유의 향이 약하게 느껴진다.
메밀과 전분 또는 밀가루의 비율을 직원분들께 여쭤봤지만, 정확한 대답은 들을 수 없었다.
식감이 꽤나 쫄깃하고 매끄러운 걸 보니 메밀이 압도적으로 높은 비율은 아닐 거라 생각이 든다.

개인적으로 평양냉면은 면발보다 육수에 중점을 두는 편이라 상당히 만족스러웠으며, 외국산 원재료가 상관이 없다면 맛, 가격 측면에서 정말 상당한 평양냉면집이라 생각한다.
접객도 좋고 진한 육향의 육수가 계속 생각이 나서 앞으로 재방문을 자주 하지 않을까 생각한다.
수원 사는 분들에게 꼭 추천을 하고 싶다.","물냉면과 육개장 칼국수를 주문했다.
총 만원 중반 정도.

평양냉면 첫시도! 남자친구가 평냉 중에 저렴한 편이라고 한다.
개인적으로 육수는 어렸을때부터 조금씩 먹어와서 크게 거부감 없었다. 삼삼해서 처음엔 뭐지.. 했는데 면이랑 육수랑 같이 먹으니까 간이 딱 맞는다..! 이상한 감칠맛이 맛있어서 당황스러운 그런 맛... 밍숭맹숭의 감칠맛과 약간 짭짤하다는 생각도 들고 신기하다.

육개장칼국수는 무난한 육개장의 딱 그맛에 얇은 칼국수면. 개인적으로는 냉면이 더 맛있었다.

평냉 초보라 잘 모르지만 나는 첫 평냉을 성공으로 이끌어준 것만으로도 맛있다를 주고 싶다. 또 다른 곳도 가보고싶어짐","평양냉면을 판매하는 냉면전문집입니다.

평양냉면이 보통 만원을 훌쩍 넘는 고가의 음식인데, 이곳의 냉면은 8천원이라는 저렴한 가격에 평냉을 맛볼 수 있습니다. 손만두는 8천원인데 6개가 나옵니다. 비싼 곳에서 평냉 2그릇+만두 시키면 3만원 나올 판인데 여기선 2.4만원에 먹을 수 있다는게 큰 장점."
"썬앳푸드의 프리미엄 샤브샤브 전문점.

무한리필 샤브집인데 점심에 가장 싼 메뉴가 인당 거의 6만원이었던 것으로 기억. 무슨 샤브샤브를 이 가격에 먹지? 싶었지만 먹고나니 담에 또 와야겠다 생각이 든 곳.

샤브샤브치고 가격대는 높지만 그만큼 퀄러티는 훌륭하다.

소고기 돼지고기를 무한으로 먹을 수 있는데 고기의 퀄러티가 확실히 좋다.

소고기는 뭐 말할 것 없고.. 돼지고기 역시 살짝 데쳐먹음에도 불구하고 잡내나 누린내 등은 전혀 없다.

역시 무한리필 가능한 각종 버섯과 채소류의 퀄러티 역시 매우 신선하고 좋다.

처음에 육수를 선택할 수 있고 선택한 육수에 따라 식사가 결정된다. 육수에 따라 국수, 덮밥, 죽 등을 선택할 수 있는데 버섯육수를 사용한 나는 버섯덮밥과 트러플리조또를 먹을 수 있었다. 같이 간 분의 선호대로 덮밥을 선택했는데 굴소스로 간을 해 고급스러운 풍미의 덮밥을 먹을 수 있었다. 샤브샤브 말고 이 식사메뉴만 따로 팔아도 인기 있을 듯.

아주 맛있게 먹고 나왔지만 그런 생각이 들더라.

샤브샤브가 이 정도 가격에 맛 없으면 죄다.","살치살이 입에서 살살 녹는다..
가격은 좀 비싼감이 있으나 여럿이가서 양껏 먹는다면 양질의 고기를 건강하고 맛있게 먹을 수 있는 좋은 곳인듯","너무 만족스러웠던 곳인데 많이 못 먹어서 아쉬운 곳
세 가지 코스가 있고 저는 살치살이 나오는 중간 단계인
스페셜 78,000원 코스를 주문 했어요

비싼 감이 있지만 고기와 야채는 무한으로 리필이 가능해요
고기는 테이블에 있는 주문탭으로 추가요청 할 수 있고
야채는 중앙에 셀프바가 마련되어 있어 가지고 오면 돼요

육수는 버섯(버섯덮밥), 유자청양(라면), 된장(라면)
두유(까르보나라 리조또), 그린커리(우동), 스키야키(우동)
이렇게 6종류이고, 육수마다 식사가 다르게 제공돼요
만원을 추가하면 육수변경도 가능해요

목표는 스키야키와 그린커리를 먹어 볼 생각 이었지만..
고기 한번도 리필하지 못하고 육수도 바꾸지 못한 채..
너무 배가 불러서 제공 된 것만 먹고 나왔어요ㅋㅋ

너무너무 맛있었는데 많이 먹지 못하는 제 자신이
원망스러울 정도였어요ㅠㅠㅋㅋ

고기 질도 좋고 식사로 제공 된 볶음우동도 정말 맛있었어요
후식으로 제공되는 깜찍한 생과일 아이스크림 까지 완벽!
직원 분들도 너무 친절하셨고 분위기도 좋고
다른 샤브샤브 집과 달리 특색있는 육수들이
호기심을 자극해서 또 오고 싶게 만드는 것 같아요

둘 보다는 4명정도 가서 다양한 육수를 먹어보고 싶네요
음료도 셀프바에 준비되어 있어 좋았어요
모임 장소나 부모님 모시고 오면 좋을 것 같아요
다른 육수들도 먹으러 꼭 다시 방문 할 예정"
.,"비오는 날에 가야 웨이팅이 없군요 ㅋㅋㅋㅋ
냉면도 고기도 완전 맛있어요 ㅜㅜ","[★★★★]
첫 평냉을 접한 곳이 우래옥
그때는 이게 무슨 맛 인가 하고 다 남겼는데
평냉맛을 알고 먹으니 세상 이렇게 맛있을 수가 없다..
맑은데 진한 고기 국물맛! 맛있다
돈 많이 벌면 불고기도 먹고싶다.."
"요즘은 돼지고기 맛있게 하는 집이 많아져서
상향평준화 된 상황 인데.. 몇년 전 육전 식당
처음 먹어보고 많이 놀랐었다.
명이나물도 맛있고 고기에는 와사비 필수라 생각 하는 1인 한테 취향저격 생와사비 까지
이것저것 많이 시켜 먹어도 삼겹살이 제일 맛있고
볶음밥 추천 해주셨는데 정말 별로다..!
공기밥 먹는 걸 추천 웨이팅 기다릴 가치가 있는 곳","✦ 맛 3/5 분위기 3/5 재방문의사 △

정말 긴 대기시간을 기다려서야 먹을 수 있었던 육전식당.
직원들이 다 구워줘서 편하게 먹을 수 있으나, 많은 양을 주문해도 한번에 다 구워주셔서 식은 고기를 먹어야하는 아쉬움.
사람이 많아서 그런건지 약간 빨리 빨리 먹고 나가야 할것같은 분위기. 먹는 동안 좀 마음이 불편했다.

고기는 솔직히 말하면 요즘 워낙 맛있는 고기집이 많아서 그렇게 뛰어나게 맛있다. 고기의 질이 좋다. 이런건 못느꼈다. 이렇게 긴 대기를 하고 먹을 정도는 아닌듯하다. 워낙 유명하기에 한번쯤은 맛볼만하지만, 힘들게 먼곳에서 방문해서 오래 기다려서 먹을 정도는 아닌듯하다.","지점별로 맛은 무차별하게 맛있음
숯불 명이나물 와사비 상추까지
삼겹살집의 끝판왕이 아닌가 싶다"
"이런곳이 우리집 근처에 있으면 넘 좋겠다아아ㅠㅠ

평일에 다녀왔고 대기는 30분정도..? 순서가 되면 전화해주셔서 근처 카페에서 기다리면 될 것 같다.

고등어 봉초밥이랑 오지플레이트 시켰다. 2차용 술집느낌이긴 한데 우린 밥먹으러 간거여서 나온거 딱 보고 2차로 치킨먹자고 얘기함ㅋㅋ 근데 막상 다 먹고보니 적당히 배불렀다

술은 하이볼이랑 이달의잔사케? 시켰는데 나도 사케 시킬걸... 사케랑 넘 잘어울렸다

고등어봉초밥은 예상이 되는 맛이였고 (개맛있음) 오지플레이트는 예상이 안되는 맛이였는데 개맛있었다 ㅎ

담에 좀 시원해지면 또 가보고싶당","내 인생 호사, 갸륵한 맛, 돈이 아깝지않은 맛, 우울증 치료제

다행히 웨이팅 없었다 오픈 시간 15분 이내 도착하고 새로운 자리로 옮긴지 얼마 안돼서 그런가 사람들이 모르는가보다 황금빛기회

먹은 음식은
어쩌구 봉초밥(기억 안남, 고등어 아님)
오지마키
어쩌구 야끼소바
였는데 야끼소바는 그냥 평범하게 맛있고
위에 두개가 그냥 장난 없다.
세상 사람들은 이 집 사장님한테 비린내 안나는 생선 요리 법을 배워가야한다.
한입 먹는 순간 바단데 비린내가 없어 이곳이 바로 청정 에메랄드빛 바다
시원한 바람이 부는 여유롭고 행복한 밤바다를 요리화한거 같은 느낌

근데 이 집 술도 장난없다.
이즈히메 딸기(? 이름 불확실)인가를 시켰는데 처음 나온 술의 양을 보고 목 축이는 정도군 생각했는데 진짜 엄청난 맛있음
본인 엄청난 단술파인데 살면서 마셔본 술 중 탑쓰리에 든다.
와 이건 술아니지 알코올 들어있는거 반칙
사장님 여유되신다면 술 정보 공유해주세요... 직구하신거면 정보를... 직접 만드신거라면 브랜드화해서 팔아주세요... 제발...
여기 보나마나 다른 술도 다 맛있을거다. 다른 음식도 다 맛있겠지.
모든 음식 다 먹어볼때까지 가야겠다. 어? 근데 시즌마다 음식이 바뀌는데? 할 수 없지 두고 두고 오래 오래 가는 수 밖에","망플에서 보고 항상 가보고 싶어하던 이자카야 대기는 30분정도
고등어봉초밥 맛있게 먹었고 더 먹고 싶다..
플레이트는 술이랑 가볍게 먹기 좋겠다
혼술 추천이라지만 칸막이가 두칸씩이라서 지금은 혼술 비추"
"지금까지 먹어본 평양냉면 중
이곳이 제일 맛있었음

소고기, 닭고기, 삶은계란, 계란지단
고명이 다채로워서
면과 함께 먹다보니
슴슴한 맛을 느낄 틈이 없었음

국물도 맛있었음
싱거운 건 다른 평양냉면과 비슷한데
감칠맛이 있어 자꾸 먹게 됨

밑반찬으로 나온 김치가
냉면과 안어울린다고 생각했음","평냉에 대한 머리 속 맛의 경계를 더 확장시키는 냉면 한 그릇이다. 다른 곳에서 먹은 평냉과는 완전히 구분되는 개성있는 평냉이다. 육수를 한모금 들이키는데 다채로운 맛이 느껴진다. 고기 고명도 국물처럼 닭고기, 돼지고기, 소고기 세 종류의 고명이 올라간다. 이는 국물도 세가지 국물을 블렌딩해 만들었음을 암시한다. 세가지 맛을 구분해낼 정도로 민감한 혀는 아니지만 이 집 평냉 국물이 다른 평냉집들과 구분되는 분명한 맛을 가지고 있음은 캐치 가능하다. 면도 다르다. 새까만 면은 미끈하고 탄력 있다. 하지만 질기지 않고 부드럽게 끊긴다. 탄력 있는데 질기지 않은 그 중간선을 잘 타고 있는 면발이다. 잣 고명이 들어가는데 이게 또 생각지도 못한 킥이다. 잣이 중간 중간 냉면과 함께 씹히면 그 풍미를 더해 완전히 다른 맛을 낸다. 고급스러운 맛이다. 냉면 집 가면 보통 냉면만 후딱 먹는 편인데 이 집에서 함께 내준 물김치는 달랐다. 아무 생각 없이 한 입 들이켰는데 너무 맛있어서 냉면보다도 빨리 다 비워냈다. 일반적으로 서울에서 맛 봤던 평양냉면과는 맛의 차이가 존재하지만 이 자체로 개성과 매력이 충분한 냉면이다. 맛있게 잘 먹었다.","고려호텔 출신의 주방장의 진짜 평양냉면

옥류관과 궤를 달리한다는 고려호텔의 평냉 맛이 이런건가 하며 기대했었는데 혼자 가서 냉면만 먹어보고 오 맛있네 했었음. 생각보다 진한 국물과 쫄깃한 면빨이 좋았다.
그리고 나중에 레츠허들이었나? 망플 모임으로 가서 이것저것 함께 먹어보았는데, 수육과 제육 등은 맛있었으나 오히려 냉면은 전보다 못한 밍밍한 느낌이었다. 고기를 먹고 먹어서 그럴수도 있겠지.. 싶긴 함.
그런데 결정적으로 이날.. 옆에서 직원이 수저들을 닦고 있는 와중에 바닥에 떨어뜨린 수저를 세척하지 않고 그대로 다시 통에 집어 넣고 다른 것들과 함께 물기를 닦고 있는 모습을 보고 두번 다시 못올 집이라고 결정함. 절대 안와."
"카스 별점 ★★★★★ [5/5]
<주관적 한정식 파인다이닝 가격대비 원탑(부제: 메인은 좀 아쉽..)>

한정식 파인다이닝을 갈 일이 생겨서 알아본 결과 주옥이 가격대비 서비스나 음식 퀄리티가 괜찮다고 하여 예약하고 방문하게 되었습니다. 예약하실 때 창가쪽으로 예약하시면 좋을 것 같아요. 창가의 시청 뷰가 정말 좋아서 안에서 먹으면 너무 아쉬울 것 같았습니다. ♥평일 런치코스(90000원) 먹었고, 디너는 17만원이라고 합니다. 이 가격도 오른 가격이라 변동 생길 수 있습니다.

우선 직접 담그셨다는 식초를 넣은 음료를 주시는데 새콤하니 입맛을 돋굽니다. 그리고 두부튀김처럼 생긴 스낵이 나오는데 새우 맛이 나서 고급 새우깡이라고 생각하면 된다고 하더라구요 오독오독 맛있었습니다.

♥한입거리: 한우 고추장 육회, 노른자 젤리를 아몬드 크래커 위에 올린 음식과 간장 찜닭 크로메스키입니다. 둘 다 맛있었어요. 조화도 좋고 딱 지금부터 한정식 코스가 나올거란 인상을 줍니다.

♥한국의 여름: 초밥처럼 생겼지만 안에 밥 대신 나물이 들어있는 세 가지 제철 나물과 해산물 무침이 나오는데, 새우는 약간 비렸고 참치가 정말 맛있었습니다! 그 다음으로는 장어와 막걸리빵이 나옵니다. 막걸리빵은 단호박을 넣어서 고소하고 담백하니 맛있고 장어와의 궁합이 좋아요. 그 다음 나온 애호박을 넣은 갈치 튀김도 갈치가 정말 부드럽고 맛있었어요. 갈치가 담궈져 나오는 새우배추국소스도 따끈따끈하니 갈치와의 조화가 좋습니다.

♥주옥의 맛: 시그니쳐 메뉴라고 합니다. 들기름과 전복 소라, 캐비어를 섞어 먹으면 되는 요리인데 들기름이 느끼하지 않고 상큼하고 맛있었어요.

♥메인: 양고기, 생선, 소고기 중 하나를 고르면 되는데 생선은 2만원, 소고기는 3만원 추가 차지가 있습니다. 골고루 먹어봤는데 제가 유독 양고기를 싫어하는 것도 있지만 양고기에선그 특유의 냄새가 나더라구요ㅠㅠ 양도 소고기보다 훨씬 많아서 좀 남겼네요. 기왕이면 생선을 하거나 소고기를 할 것 같습니다. 소고기가 특히 맛있었습니다.

♥블루베리 눈꽃빙수: 블루베리, 산딸기와 젤리가 들어있습니다. 연유와 함께 나오는데 연유를 넣지 않아도 맛있습니다.

♥한국전통병과: 마지막 디저트로는 양갱, 강정 등의 한국 전통 디저트가 나옵니다. 커피보다는 차와 더 잘어울렸으니 마지막에 차를 선택하시는 걸 추천드려요. 그리고 마지막에 나갈 때 또 강정을 챙겨주십니다.

♥3글라스 페어링(80000원 추가):각 요리에 어울리는 와인을 추천해주십니다. 설명을 상당히 잘해주세요. 아무리 잘 어울리는 와인을 추천해주는 값이라고는 해도 와인의 양이 적어 8만원이 좀 아깝긴 했습니다.

전반적으로 상당히 만족스러운 식사였습니다. 양식을 별로 좋아하지 않는 분들이나 어르신들을 대접하셔야 하는 분들께서 오시면 정말 만족스럽게 식사하고 가실 수 있을 것 같아요. 한정식이라 먹고 난 다음에도 속이 편안했고 직원분들도 정말 정말 친절하십니다. 요리도 정말 맛있구요. 다만 다른 요리들에 비해 메인으로 나왔던 양고기가 좀 실망스러웠습니다. 2만원 추가하시고 생선을 먹거나 3만원 추가하셔서 소고기를 드세요. 11-12만원짜리 퀄리티는 충분히 합니다. 양고기 좋아하시면 더욱 가성비 좋게 먹을 수 있을 것 같아요.","[★★★] 맛
서비스 ★ 없음ㅋ

부모님 결혼 기념일에 방문한 주옥
일찍 부터 미리 예약한 곳 인데
일단 서비스가 아직도 화가 남

맛은 좋았고 뷰도 좋고 가격도 합리적이지만
서비스가 동네 구멍가게 보다 구려서
화가 아직도 난다.

일단 음식 텀이 기본 30분 이상 ..
너무 오래 기다리다 지쳐서 말씀 드렸는데
개선 되지 않았고
결국 영업시간 보다 늦게 후식이 나옴
근데 빨리 나가달래 영업시간은 2시30분 인데 후식은 49분에 나오는데 어쩌라는거죠.. ㅋㅋㅋㅋㅋ
런치를 12시 30분에 시작 했고 늦지도 않았다.

바쁘고 미숙한 서버가 집게 떨어뜨리고
설명도 안 해주고 그냥 쌩 가고
물어보면 다시 돌아가고 ㅋㅋㅋㅋ 뭐 하세요

뭐 이것저것 많았는데 머리 아파서 기억 하고 싶지 않다.
그리고 메인이 정말 맛 없다
양갈비도 한우도 정말 맛 없었고
옥돔찜은 맛있었다.

다른 메뉴들도 맛있었고 부모님도 만족하셔서 좋았지만
서비스가 안 좋아서 맛이 묻힘","말해 뭐해 갈때마다 행복한 시간을 주는 주옥

언듯 메뉴보고 계절마다 메뉴가 달라진다고 했었는데 비슷하다 생각했는데 나오는 메뉴들을 보니 완전 달라져있었다. 그리고 새로운 메뉴 하나하나 다 식감도 향도 맛도 매우 만족스러웠다

자그마한 튀김속에 씹는순간 육즙과 풍부한 맛이 팡 터지는 닭고기크로메스키와 이런맛일거라 상상도 못했는데 소스와 재료 조합이 너무좋았던 장어와 막걸리빵이 가장 인상적이었다.

누구나 좋아할거라 확신할 수 있는 식당!

갈때마다 단 하나 너무너무 안타까운 점은 음식 디스플레이용으로 쓰이는 팥과 녹두가 모두 버려진다는 점. 색감을 위해 이렇게 하시는 것이겠지만 잠깐의 아름다움을 위해 아까운 자원이 버려진다는 것은 정말 마음 아프다. 디스플레이 방식이 변경되기를 ㅎㅎ"
"올때마다 훌륭하고 좋은 기억만 있어서 다시오게됨
여기선 버섯요리가 독특했음","한식 파인 다이닝 하면 떠오르는 몇개의 이름
라연 가온 밍글스 정식당 그리고 권숙수

작년부터 파인다이닝을 일부러 탐방을 좀 무리해서 다녔는데 밍글스를 시작으로 두번째 방문한 곳, 그리고 기대했던 곳.
이름부터 한식을 표방하지만 솔직히 한식이라기보단 정식당-밍글스 처럼 한식 베이스의 컨템포러리라고 보는게 맞는 듯. 여러가지 다채로운 재료와 구성의 요리들이 나오는데 주재료의 개성과 디쉬 하나하나의 스토리를 표현하려고 노력을 많이 한 흔적이 보인다.
큰 임팩트를 느끼지는 못했지만 확실히 맛있다고 하기에 부족함이 없는 코스였음. 하지만 가격 생각하면 흠.. 좀 많이 비싸다는 인상을 지울수가 없었다. 특히 와인 가격을 아는 입장에서 여긴 와인이 너무 비쌈.","청담동에 위치한 권우중 셰프님의 ""권숙수"". 미슐랭 투스타 레스토랑. <숙수>는 전문 조리사를 뜻하는 옛말이라고 하네요. 지금의 셰프님 정도 개념이었으려나!? 음식 맛도 분위기도 최고였어요!! 최고 : P

'점심 미식상'. Tasting Course. 주안상 - 캐비어와 전복무침 - 민어구이와 백합죽 - 트러플 콩국수 - 굴구이 - 붕장어 튀김과 칠게소스 - 한우 채끝구이 (main) - 편강 - 매화차 의 코스. 한시간 반 정도의 코스였고 모든 디쉬 다 좋았어요!! 특히 낮은 테이블 앞에 독상이 있었던 것도 재미있는 경험이었다ㅎㅎ

가장 맛있었던 건 민어구이와 백합죽!! 이건 진짜 게 눈 감추듯 다 먹었어요ㅋㅋㅋㅋ 정말 정말 맛있다!! 부드러운 죽이랑 생선이랑 잘 어울리더라구요. 트러플 콩국수는 기대반 걱정반 이었는데 신기하게도 트러플과 콩국수가 잘어울려요ㅋㅋ 앞으로 콩국수에 소금 vs 설탕 논쟁은 무의미해요. 트러플 압승. 메인도 맛있었고 주안상은 시각적인 재미도 쏠쏠하네요.

분위기도 좋았고 스탭분들도 친절하세요. 음식 설명도 자세히 잘 해주셔서 좋았어요. 술을 곁들이지는 못했지만 전통주와 함께 먹었으면 정말 좋았을듯!! 많이 가본 건 아니지만 여태껏 가본 한식 파인 다이닝 중에선 가장 좋았던 것 같아요ㅎㅎ"
"올해 먹은 평냉 중 최고!
--------
♤ 평양메밀물국수, 면 많이 (12,000₩)

어떤 분이 예전 리뷰에서 '우래옥에 대한 오마주가 느껴진다'고 쓰셨는데, 무슨 느낌인지 알 것 같다. 소고기만으로 낸 강력한 육향과, 아삭하고 달달한 배의 콜라보가 죽인다. 살얼음이 동동 떠다닐 정도로 차가운 육수의 온도까지 딱 내 취향이다. 한 입 먹자마자 맛있다는 소리가 절로 나왔다.

면 많이로 주문하니 추가 사리를 따로 그릇에 내어 주셨는데, 냉면 육수와 사리 육수를 비교하면서 마셔보는 재미도 있다. 사리 육수는 진한 육향과 짭짤한 간이 잘 느껴지고, 여기에 배와 오이, 무 등이 들어간 냉면 육수는 새콤달콤함이 더해져 보다 직관적인 맛이다. 물론 둘 다 맛있다.

면은 부드럽고 메밀향이 상당히 강하다. 개인적으로는 탱탱하고 거친 면을 좋아하는 편이지만, 이런 압도적인 존재감의 육수에는 이런 부드러운 면이 더 어울릴 것 같다. 기본 냉면도 양이 적지는 않지만, 따로 사이드를 먹을 게 아니면 무조건 면 많이를 주문해야 할 것 같다. 맛있어서 먹다 보면 순식간에 사라지기 때문.

김치도 상당히 맛있다. 식전에 주시는 아이스 홍시는 덤.
--------
거기다 가격까지 저렴한 편이다. 왜 진작에 안 가본 걸까? 괜히 미쉐린 가이드에 4년 연속으로 소개된 게 아니라는 생각이 든다. 군만두도 맛있다는데 다음에 오면 먹어봐야지...

+ 평냉 입문자 친구한테는 여기랑 서관면옥을 1순위로 추천해 줄 것 같다.
.
★★★★☆",이런 평양냉면집 있나요 가격 착하고 친절하고 맛 너무 좋은곳 오늘은 낮술 이또한 너무 좋네요,육향이 강한 평양냉면. 만족스러운 식사였다.
찾았다 최애평냉... 미쳤다 여기,"봉피양 정자점, 용산점 그리고 방이점(본점) 방문 결과
가장 만족스런 서비스와 맛이었던 지점.
서버 님이 구워주시는 고기는 야들야들한 식감이 살아있어서 다소 비싼 가격을 흐린눈하게 만들어요
그리고 봉피양의 또다른 메인메뉴, 평양냉면.
물냉면은 적당히 슴슴하고 비빔냉면의 양념장은 적당히 달달매콤해서 돼지갈비와 함께 먹기 딱이다.",오늘은 신관에 포장하러 갔다가 보니 홀영업을 하길래 먹고왔다 고급진 진한 육수 다른 업장과는 차별이된다 순면 가격은 비싸지만 그값을 하는집 믈 조금 불만은 간이 세다는것이다
"부대'찌개'라기보다는 부대'전골'로 볼 수 있으며, 드라마틱한 맛은 아니지만 부대찌개를 좋아한다면 한번쯤 방문해볼법한 곳. 개인적으로 이곳이 전국 각지의 부대찌개를 제쳐두고서 망고플레이트 2위를 차지하는 이유는 '접근성'이라고 생각하므로, 이곳 순위를 맹신할 필요는 없다고 생각함. (역삼역 근처이기때문에 교통이 매우 편리하고, 유동인구가 많다-특히 직장인)
어쨌든 이런 환경적인 요인은 차치하고서라도 일단 맛있다. 깔끔하고 깊은 맛이 가장 기억에 남고, 우동사리를 추가해서 먹었는데 확실히 우동하고 잘 어울릴 듯하다. 다만 앞서 말했듯 전골을 먹는 느낌이 매우 강하고, 가격대도 조금 있는 편이긴 해서 약간 고급화된 부대찌개의 느낌이라면 모를까, 정말 손에꼽는 그런 맛집인지는 강하게 의문이 든다. 결론적으론, 다소 고평가되지 않았나 싶은 맛집. 그렇지만 주변에 볼일이 있다면/그리고 부대찌개가 생각난다면 재방문 할법한 곳.",먹고 배탈났어요. 삼일짼데 죽을맛이네요,"텁텁하지 않은 깔끔한 부대찌개에요. 짜기는 짠데 원래 부대찌개는 좀 짜야 되지 않습니까? 처음엔 기름기도 적다가 햄과 소세지, 라면이 끓으면서 차츰 기름지게 변합니다. 그래도 다 먹고난 입이 이 정도로 깔끔하다니...! 라면사리는 별도, 공기밥은 기본으로 나옵니다."
"""겨울이 그리운 이유는.""

기름기 좔좔 흐르는 대방어 한점에 쏘주한잔 하던 것이 그리워서가 아닐까.
대방어는 추운 겨울을 이겨내기 위해서 온몸에 지방을 두른다고 한다.
하지만 왜 여름의 나는 대방어처럼 지방을 꽁꽁 두르고 있는 것일까.

음식 맛있고 술맛 들어간다.
하지만 솔직히 공간이 영.
아무리 유명한 맛집이라고 해도 이렇게 빼곡하게 사람을 받으면 좀 그렇지.
바로 앞사람 말소리도 듣기 어려울 정도!

겨울이 오면 대방어를 드시라. 포장해서.","겨울만 되면 찾게되는 바다회사랑!
발을 돌덜덜 웨이팅하며 기다렸지만 그 맛은 일품 ㅠㅠ
술이 정말 술술술 들어간다...!
기름진 방어맛이 가장 제대로 표현되는 곳...!
맛도 맛이지만 이제는 하나의 상징이 되서 겨울에 못가면 뭔가 억울한 기분도 든다!
다른 어종도 신선하고 맛있긴 하다만,
방어를 따라오진 못해!!","엄청 많이 갔는데 사진은 이거 밖에 없네..
방어회 하면 바다회사랑
내가 운이 정말 좋은거지 웨이팅 안 하고 간 적도 몇번 있고 기다려도 오래기다린 적 없다ㅋㅋ!
최근에는 포장까지 해서 먹었더니 웨이팅 없이 먹으니 더 맛있다! 씻은 묵은지에 방어회 조합은 말해뭐해"
"[★★★]

서울에서 순대국 제일 맛있는 곳
양 많은 곳
웨이팅이 항상 있는 곳
그래도 기다려서라도 먹는 곳
혼밥 하는 사람 많음 특히 나 같은 사람
남녀노소 좋아할 순대국 맛..","진짜 최애 순대국집...회전율도 빠른편이라 기다릴만해요. 순대국정식하나 시키고 특순대국하나 시켰는데, 특이랑 기본 순대국이랑 가격은 얼마 차이 안나는데 안에 순대양은 차이가 엄청 나더라고요. 다음엔 무조건 특으로 시키는걸로!! 여러명이서 온다면 수육도 같이 시켜바야지.. 정말 소주가 술술 들어가는 맛","농민백암왕순대
강남역점에 이어 본점인 선릉점을 가보았다.
강남역점처럼 이 곳 역시 메인상권 후면에 위치하고 있는데 가게를 확장해서 두점포가 마주보고 있는 형태이다.
혼밥하기 좋은시간 4시쯤 갔음에도 한두팀 웨이팅이 있는 상태.

음식맛과 서비스는 강남역점과 동일.
다만 양에서 강남역점이 좀더 후한 느낌이다.
강남역에서는 순대국 보통을 밥 빼고 먹었고
선릉점에서는 특을 밥 빼고 먹었다.
둘의 양은 거의 비슷하다고 느꼈다.
즉,강남역의 보통사이즈 밥빼고가
선릉역의 특 밥빼고와 거의 비슷한 고기양이었다.

(tmi.탄수화물 자제하시는 분들은 밥 빼고.라고
주문하시면 밥대신 고기를 더 넣어주는게 대부분의 순대국집의 무언의약속^^)

특사이즈 완뚝하고
원 특을 포장해와봤다.
검정봉다리 두개를 주시길래 잘 들고 집에와서
열어보고 정말 까~암 짝 놀래버렸다
한 봉지에는 육수 들은 통.
다른 봉지에는 고기와 깍뚜기,새우젓,부추 들은 통이 있었는데
세상에....고기 양이....
최소 500그람은 되보이는 양이다.
냄비에 육수를 붓고 고기를 넣어보니
한 3인분은 되는 양이다.
와....이집 정말
자꾸 놀래키네

그렇다
농민백암왕순대는 1인 1뚝하고
1뚝정도 포장해 와야하는 곳이었다.
이런개이득같으니라고..^^
왈왈lol

맛과 서비스는 같으나
느낌적인 느낌으로 강남역점이 양이 더 후한것같고,
선릉점은 운 좋으면 가게 옆쪽으로 주차할 공간이 있다는게 큰 장점이다.
오후1-5시반 이전에는 순대와고기가 따로 곁들어지는 정식을 판매하지 않는다.유의!

jmtgr 농민백암순대♡"
"밑반찬부터 내공이 느껴지는곳.
가족행사는 무난하게 가보정이에요.
서버 분들도 친절하시고 갈때마다 기분좋아요
다만 연말 연초는 피하는걸 추천..",가게가 깨끗하고 모든 종업원이 엄청 친절했다. 관리도 잘 되어 있고 가족 식사에 최적화된 곳! 고기는 생갈비만 먹었는데 너무 맛있게 잘 먹었다. 잘 구워서 그을음 없고 식감 좋은 갈비살이었다.칼집이 없는 소갈비가 처음이었는데 수원식은 이렇구나 싶었다. 칼집 형태로 해운대식 서울식 등 나뉜다는데 사실 잘 모르고 암튼 참 맛있었다. 밑반찬도 가짓수와 구성이 좋았다. 가오리찜이나 양념게장처럼 솜씨가 필요한 반찬들도 냄새도 없고 간도 딱 좋았다. 부족한 반찬은 리필 요청도 가능하니 참고! 식사를 마치면 가벼운 후식이 나온다. 기분 좋은 식사를 할 수 있어 좋았다.,"가보정은 사랑입니다...ㅜㅜ❤

너무너무 맛있고 비싸고 멀고....
그래도 또 가고싶다...

갈비 정말 존맛이지만 호박전 맛집답게 다른 반찬들도 다 맛나다. 고기로만 배채우기 부담될테니 반찬으로도 배 좀 채우라는 따뜻한 배려가 아니었을까...

가끔 구워주시는 분 또는 매장 상황(너무 바쁘셔서 제대로 케어가 안됐을 때도ㅜ)에 따라 조금 맛이 아쉬울 때가 있지만 그래도 프로분들이셔서인지 고기를 잘 구워주신다..라고 쓰다보니 가격이 얼만데..라며 생각이 왔다갔다하네

그래도 암튼 돈벌면 가보정이다"
.,여기 이후로 다른데서 돼지고기를 먹어도 맛있지가 않아요... :o 친구가 데려갔을때 나름 조절중이었는데 한점 먹을때마다 나도 모르게 두점씩 입에 넣고 있었던...,"평일 저녁 6시 전에 도착했으나 약 1시간 넘게
웨이팅 하고 겨우 입장! 일행이 모두 도착해야 입장가능
착석하고 목살로 주문했는데
다양한 반찬을 먼저 세팅해주셨는데 반찬부터 맛있어
보였음ㅋㅋㅋ 다양한 사이드가 나오는데 맛있다.
고기는 직접 구워주시는데 대화에는 일절 관여안하시는
점이 좋았다 ㅋㅋㅋㅋ
맛있게 잘 구워주시는 점도 있지만 고기자체도 좋아보였음
근데 엑스트라는 사실 사이드메뉴에 있었다.
밥이 상당히 고슬고슬하면서도 특유의 향과 찰기가
있었는데 짭쪼름하면서도 고기와의 조화가 좋았다.
트러플 짜파게티도 맛있고..

실내도 넓은데 웨이팅이워낙 많아서 회전율은 좀 낮은 편이라 시간이 넉넉할 때 방문하는게 좋을듯
한번쯤 와볼 만한 맛있는 곳임은 틀림없다"
"생까치복국 특, 커플세트(복무침, 복튀김)

제일 인기많은 복국 주문하려고 했는데 그건 냉동이라고 생까치복국 행사하니 생까치복국 어떠냐고 하셔서 생까치복국으로 주문했어요.
특사이즈로 주문하니 까치복이 4개 들어가 있었어요. 확실히 생물인지라 살이 탱글하면서 부드러웠어요. 이 맛에 복국 먹나봅니다. 채소도 적당히 들어가 있어서 식감 좋았고 국물은 시원했어요. 사실 그냥 먹으면 좀 짭짤하고 시원한맛은 크게 없는데 식초 한바퀴 뿌려먹으니 시원하고 속이 뜨끈해지니 좋더라고요.

커플세트의 복껍질양념 괜찮고 복껍질이 쫄깃하니 좋았어요. 민어껍질도 이렇게 양념에 무쳐먹어면 맛있을거 같아요. 복어튀김은 냉동복어로 튀겼겠죠? ㅋㅋ튀김옷은 그냥 횟집의 튀김옷, 그 맛이고요 식감은 담백한 단백질맛.. 부드러운 닭가슴살 느낌이었어요. 와사비 간장 찍어먹으니 맛있어요.",코로나가 뭐임? ㅋ 칸막이 하나만 치고 다닥다닥 아침으로 부족함이 없으나 너무 풀로 돌아가서 걱정하며 먹었어요. 맛은 할매복국 보다 좋았어요. 해운대가 숙소이면 조식으로 좋네요 개운해요 ㅋ,"부산 여행가서 밤에 놀고 다음 날에 가면 됩니다~
숙취가 없어도 해장이 되는 듯한 그런 느낌
복 튀김 무침 이런거 세트로 먹어봐도 되긴 하는데 별 거 없구여 그냥 단품으로 복국만 시키는 기 가성비 좋은 것 같습니다 .. 복국+식초 많이...❣️"
"[★★]


존맛은 아닌 것 같은..
마치 델리만쥬 같이 냄새랑 비쥬얼에 못 미치는 맛..
사리 추가 하면 더 별로다..
한번은 갔지만 재방문은 하지 않는 곳..
웨이팅도 너무 길고요..","내가 여길 안썼다고..? 말이 되나...? 나 여기 분명 쓴거같은데....

닭볶음탕 유명한 집 중에 제일 제 입맛에 맞는 곳이에요.
(아 물론 강남구쪽 닭볶음탕 맛집은 안가봤지만 ..ㅎ....)
다진마늘 맛 가장 덜 나고 적당히 진한 맛 + 뼈째 구운 닭꼬치 ! 너무 좋아요.

국물이 바글바글 끓으면 깻잎향이 국물에 녹아내리고 떡은 말랑말랑해지는데...하 너무 맛있습니다. 닭고기에 양념이 쏙쏙 배기 시작하면 먹는데 막 엄청 간이 제대로 스며든건 아니어도 그래도 맛있어요! 간이 안밴거 같으면 국물 적셔서 먹는데 국물 자체가 맛있어서 진짜 계속 맛있다고 말하면서 먹었네요. 닭고기 잡내 당연히 없었고요.

닭꼬치는 말모말모! 닭꼬치 너무 맛있어요. 닭기름으로 바삭하게 탄듯 구워진 겉면 아래에 촉촉한 닭살이 참..부드럽고 짭짤하고...여기에 파김치 얹어서 먹으면 진짜 꾸울맛.

하루, 일주일, 한달 노고 싹 잊는 맛이에요.

가게는 사람 매우 많고 시끌시끌하고 사장님?은 매우 친절하셔요.",수요미식회던가 어디도 나오고 최자로드라던 호수집. 서울역 부근 직딩들과 아재들이 줄서서 식당을 에워싸고 담배를 펴대고 웨이팅이 늘 난리다. 닭볶음탕 깻잎 향도 좋지만 닭꼬치 불향이 제대로다.
꼬리찜 맛집이라던데 저는 도가니탕을 먹어보았습니다. 다른 국밥류에 비해 가격대가 있는 편인데 (16000원) 국물이 막 엄청 진국이라고는 못느꼈어요. 근데 도가니가 상당히 많이 들어가있어요. 하나 집어서 새콤달콤한 소스에 찍어 부추와 같이 먹으면 아주 쫄깃허고 입에 짝짝 달라붙어서 중독성이 있습니다. 도가니탕 먹으러 재방문할 의사는 없지만 꼬리찜이 궁금하니 다음에 먹고 새로 리뷰 써봐야겠습니다.,"설렁탕 9000 & 꼬리수육 소 41000.

설렁탕 잔잔하니 맛있습니다. 은은한 단맛이 좋아요. 깍두기도 넘 달지않아 같이 먹기 좋아요.

꼬리수육은 포장했는데, 집에 와서 육수에 끓여 데운 후에 새콤한 간장 양념을 뿌려 먹었습니다. 느끼함을 잘 잡아서 아주 맛있게 먹었습니다.","맛은 최고지만 양이 아쉬운 소꼬리찜
오후 3시에 가도 웨이팅이 있을 수 있다고 하는데
지각으로 3시 반쯤 도착하니 앞으로 3팀이 있었습니다.
⠀
가게 내부 공간이 정말 비좁고 사람이 많으며
거리두기 비율을 무시한 식탁이 엄청 많습니다.
어떻게든 주문받겠단 사람님의 의지가 보입니다.
⠀
그래서 손님들 로테이션이 빨라요 ⏰
피크타임이 아니여서 약 10분 뒤 앉을 수 있었습니다.
⠀
저와 일행은 꼬리수육(소)를 주문했습니다.
⠀
기본찬은 깍두기, 배추김치, 고추, 통마늘, 쌈장,
1인 1그릇의 작은설렁탕국물이 나옵니다.
⠀
뽀얀 국물에 파까지 뿌려져 나오는데
후추 뿌리고 몇 수저 뜨면서 상대의 근황소식을
물어보려고 할쯤 주문한 수육이 나옵니다 ^^ 빨라~
⠀
비주얼은 이쁘나 양이 안타깝게도 적습니다.
암묵적으로 세덩어리씩 먹는게 룰로 정해집니다.
⠀
고기는 생각보다 뜨겁지 않고 따뜻한 상태로 나옵니다.
그래서 손으로 잡아도 뜨겁지는 않아요.
살이 야들야들하고 잘 분리 되어서 젓가락으로도
깨끗하게 살을 발라먹을 수 있습니다.
⠀
고기에는 누린내가 하나도 안납니다.
향신료, 생강? 냄새로 잡은것도 아닌거 같은데
깔끔하고 담백한 맛있는 고기를 즐길 수 있습니다.
⠀
점점 먹다보면 고기가 빨리 식어 차가워지는게 느껴집니다.
심지어 코로나로 환기를 시키는지 가게 안이 추웠어요
⠀
고기가 두덩이 남겨질쯤 국수사리를 시킵니다.
(부추는 더 달라고 하면 더 줍니다)
⠀
새콤한 간장베이스 양념에 절여진 국수가 나오는데
짭쪼름해서 잘 넘어갑니다. 배고파서 국수사리 하나 더!
⠀
양이 정말 작아서 둘이가면 대자를 먹어야하나 싶은 ..
2차 갈꺼라면 소짜로 드세요 ..아주 조금 배가 찹니다.
뼈 빼면 고기양 별로 없자누 ...
⠀
한번쯤은 방문해서 먹어보는것도 괜찮을꺼 같아요.
접근성도 가깝고 가격도 낮았다면 자주 먹었을 겁니다.
⠀
사람도 많고 가게 내부도 옛날식 구조라서
위생이 찝찝한 분들은 포장을 추천 드려요.
참고로 화장실도 열악합니다 ...
⠀
음식 맛 하나로 커버되는 집.
이 날 술이 엄청 잘 넘어 갔습니다
⠀
#대한옥
서울 영등포구 영등포로51길6
대한옥 신길역 3번출구 500m
AM 11:00 ~ 20:30
메뉴정보
-꼬리수육(소)(₩36,000)
-꼬리수육(대)(₩49,000)"
"가족분들 모두가 만족했던 만두집
가성비와 맛 두가지를 충족 그 이상을 느끼게 해준 만두집
최고",개안음,"평범하다

3.4/5"
진짜 엄청 맛있어요ㅠㅠ생각보다 양도 많고..담에 또 가서 다른 메뉴도 먹어볼 것..,"* 한줄평 : 서촌 한식 퓨전 다이닝 공간에서의 멋진 경험

1. 광화문 직장인인 내 입장에서 주변인들에게 점심 식사 및 저녁 회식 어느 경우라도 추천할만한 곳이자 누구와 함께 해도 만족스러운 경험을 한 단골 식당 중 하나이다.

2. 서촌 골목 깊숙히, 그리고 지하에 자리잡아 눈에 띄기 쉽지 않은 이 레스토랑의 상호는 <도취>이다.
도취의 사전적 의미는 아래 2가지 의미를 모두 담고 있다.
1) 술에 거나하게 취하다
2) 어떠한 것에 마음이 쏠려 매혹당하다

3. 지하에 자리잡은 이 공간은 자세히 살펴보면 꽤나 섬세하다. 간판없이 정갈하면서도 범상치 않은 형태의 캘리그라피로 쓴 <문패>로 식당의 존재감을 드러내고 있고, 소리가 울리기 쉬운 폐쇄적인 지하공간임을 감안하여 서버의 호출은 사람의 목소리와는 음역대가 다른 사과 모양의 <종>을 통해 이루어진다.
이런 디테일이 살아있는 공간의 음식은 내 경험 데이터상 음식 역시 굉장히 디테일하다.

4. 이 식당이 지향하는 방향성은 <참신함>이다. 통상 한식 퓨전이라 함은 동서양의 레서피를 혼합하여 맛을 비틀어 새로운 맛을 만들어내되, 그 맛이 내가 아는 맛과 크게 다르지 않아 실망하는 경우가 많았는데, 이 식당은 내가 지불하는 금액에서 느낄 수 있는 <최대치의 참신함>이 바로 다른 식당과의 차별성이다.

5. 주문한 메뉴는 시그니처인 육회 타르타르, 아보카도 새우요리, 목살구이와 참나물, 제육저냐, 마라순두부 전골이다.
역시나 서버가 자신있게 추천한 메뉴답게 육회 타르타르는 투뿔 한우를 아삭한 식감을 주는 사과채, 바삭한 식감을 주는 두부과자와 버무려냈는데, 굉장히 맛있었다.

6. 아보카도 새우 요리 역시 버무려낸 요리는 그 놈이 그 놈일 수 있건만 새우의 정체성이 확실하여 육회 타르타르와는 또 다른 즐거운 경험을 할 수 있었다.

7. 와인 퓨전바를 지향하지만, 상권의 가격 저항력을 감안하면 이해 못 할 바는 아니나 와인의 스펙트럼이 다양하진 않다. 와인 2병을 마신 뒤 주문한 <서울의 밤>이라는 증류주와 토닉 워터의 조합이 오히려 음식과 궁합이 훨씬 좋았더랬다.

8. 영업 마감 시간까지 즐거운 대화를 나누다 지하에서 지상으로 올라오는 순간 폐 깊숙히 들어온 찬 공기가 문득 이 순간이 <서울의 밤>이구나라는 생각이 들었다.","와인바지만 음식도 평균 이상으로 정말 맛있어요!!

마라순두부
제육저냐
가지라자냐

등등 시켰는데 전체적으로 다 맛있고
분위기도 좋아서
친구들이랑 같이 가볍게 와인먹기 좋아요

특히 제육저냐 맛있어서 놀랐어용"
"드디어 가봤다 남영돈
가브리살이 육즙팡이긴 했지만
내 취향엔 항정살이 더 좋았다
입안가득넣고 왕냥냥 즐기는 재미
쌈이 없어 금방 물리는건 아쉽다

아 숯이 참 좋았다","오래전부터 방문하려던 곳으로 평타 이상의 고기와 반찬 맛을 자랑하지만 자극적이고 기대한 만큼까진 못미친 항정살 맛집

드디어 방문한 남영돈 !

너무 오래 전부터 가야지 마음 먹었었는데 중간에 내부공사, 급 유명해져서 끝없는 웨이팅, 과도한인기로 퀄리티 하락 했다는 평 등 여러가지 핑계로 이제서야 와 봤다.
평일 오후 기준 6시에 웨이팅 걸어서 8시에 먹을 수 있었고 주변에 일있어서 일보고 나니 먹을 수 있었다. 번호 수기로 작성하면 내 차례쯤 되었을 때 전화주시는 시스템. 21세기에 왜 어플로 안하시는지 의문

먼저 반찬이 깔려있었고 가장 맛있다는 항정살 이인분 주문! 반찬이 하나같이 맛있고 간이 쌔다. 개인적으로 유명한 몽탄, 교대이층집 등의 간이 쌔다고 생각하는데 여기도 비슷한느낌

고기 나오기 전에 아주 뜨거윤 숯을 가져다 주시는데 이 집의 비결은 이 숯이 아닐까 싶을 정도로 강렬하다. 열니 강해서 고기를 바싹 익혀주어 맛을 배가되게 만드는 비결의 숯

고기 질은 좋은 편이고 맛있었으나 일인분에 18000원이라는 가격과 요즘 잘하는 항정살 집들에 비해 특별한 점은 숯 빼고 못느꼈다는 점에서 괜찮다로

개인적으로 제주도그릴등 꽤 잘한다는 고깃집과 비슷한 평을 주고 싶으나 그에 비해 웨이팅이 길다는 점에서 아쉬움 (기대가 크면 맛도 더 있어야하기에) 또한 항정은 역시 구공탄이 일인자가 아닌가 싶음

서비스 김치찌개는 아주 훌륭했음 신김치로 오모가리찌개 맛이나는데 내 취향! 쫄면은 간이 진짜 너무 쌔서 후식으론 절대 안되구 꼭 고기 드시면서 먹길","✦ 맛 4/5 분위기 4/5 재방문의사 O
✦ 오랜 시간 기다려서 먹은 감동의 맛

가브리살과 항정살이 유명한 곳으로 평일 주말 할것없이 늘 대기가 엄청난 곳이다.
리뉴얼 한지 얼마 안됬을때 방문해서 그나마 조금인 한시간? 정도 기다려서 들어갔다!

밑반찬으로 굴김치가 나왔는데 정말 맛있었다. 아 김치 자체로도 달고 맛있었다. 고기와 먹기엔 많이 단 편이지만 김치는 맛있었음, 그외 다른 반찬들도 맛있었다.

직원분이 다 구워주셔서 편하게 먹을 수 있지만 직원마다 고기굽는 스킬이 좀 달라서,, 잘 굽는 직원을 만나는게 고기맛이 더 좋은 듯하다! 처음 구워준 분은 거의 절반을 태움 ㅜㅜ 가브리살과 항정살은 소문대로 맛이 좋았다! 고기도 신선해보이고, 두툼한게 식감이 참 좋았다. 개인적으로 항정살이 더 맛있었는데, 보통 항정살은 좀 느끼해서 많이 못먹는다 ㅠ 근데 여기꺼는 이상하게 느끼함이 덜해서 맛있게 많이 먹은 듯하다."
"#동네맛집 #또순이네 원래 고기집인데 점심식사로 고기를 넣은 #된장찌개 를 판다

2인에 뚝배기는 하나. 처음에는 아니 왜 2인인데 1뚝배기를 주는거야. 할 수 있지만 간이 세서 2인1뚝이 알맞음을 알 수 있음. 강된장과 된장찌개의 사이를 왔다가는 요리이다. 코로나시대엔 맞지않지만 맛은 있다

된장찌개를 왜사먹냐 할 수 있지만 된장찌개가 진짜 맛잇게하기가 힘들다.. 된장부터 담궈야되는거냐궁",된장찌개맛집 인정~개인적으로 된장찌개안좋아하지만 고기맛나서 종종 먹으러간다 그런데 오후 2시 20분전?인가시켜야된다 30분이라구써있었는데.. 그리고 친절은 기대하지않는게 좋음 친절하지않다는 평이 많다구한다 들어가도 어쩔떤자리 안내해주그 어쩔땐 못본체함;; 뭐 기부도하고 하신다하니 알바만 그러려니.. 가끔 갈 말한집,"서울 1위 된장이라길래 한번 먹어봤다
첫 숟갈은 음? 이게 1위인가 맛은 있네 정도
토시살이 오히려 더 맛있는 느낌
하지만 된장을 밥에 비벼 토시살이랑 3종 세트로 먹은 뒤에야 그 진가를 알게 되었다
밥에 비벼야 간이 딱 맞다
존맛 인정
재방문 의사 있음"
자극적이지않은 돼지갈비맛 된장찌개나오는 총각김치가 꿀,"너무너무너무너무너무너무 맛있게 먹었습니다
돼지갈비 동치미국수 된장찌개 반찬들 식혜까지 다 너무 맛있었네요
동치미국수가 살짝 싱겁다 느껴질수 있는데 고기 한입 씹는 순간 너무 부드럽고 고기랑 같이 먹으니 완전 찰떡이에요","돼지갈비 맛집. 돼지갈비 그다지 안 좋아하는 나도 맛나게 먹음. 동치미 국수도 맛있음. 안시켜도 기본으로 미니 국수 주는데, 추가 주문하면 큰 양푼에 한가득 주신다. 근데 된장찌개는 학창시절 급식으로 많이 먹어본 익숙한 맛... 여하튼 저렴한 가격으로 배터지게 먹을 수 있는 혜자같은 곳."
"점심 오픈시간전에 가서 웨이팅이 얼마 없을줄 알았는데 한자리씩 세팅하고 고기올려주고 자리 안내를 해서인지 30분 정도 웨이팅한 것 같다. 그래도 간만에 돼지고기 정말 맛있게 먹었다.
돼지고기인데 육질이 부드러워 소고기 못지 않았다는..? 추천해준 방법인 짜지 않은 명란젓에 알싸한 청량고추 한조각 고기싸서 한번 먹고 플러스로 깻잎에 말아서 싸먹으면 굳굳!! 멜젓에도 찍어먹을 수 있는데 제주도 흑돼지 느낌은 약했지만 뭐 내입에만 맛있으면 그만 아님? 같이 나오는 김치찌개도 고기도 가득하고 국물도 진하니 괜찮았다.
배가 좀 불렀는데 그래도 멜젓볶음밥 이걸 안 먹어볼 수 없어서 시켰는데 철판에 볶아먹는건 아니고 다 조리가 되서 뚝배기에 나왔다. 이게 은근 중독성 있는 맛이어서 먹다보니 결국 다 먹음 ㅋㅋ 암튼 만족스러운 한끼였다.
다만 고기를 구워주시는데 매장 안이 좀 바빠보여서 바로 바로 주문하고 받고 뭔가 매끄럽게 진행은 안되는거 같았음.","제주도에서 가장 핫한 식당이 아닐런지.. 테이블링 통해서 원격줄서기 가능하지만 오후6시부터 예약이 가능해서 사실상 별로 의미가 없다. 6시 땡 하는 순간 예약이 몰려들어 순식간에 대기가 30팀 이상 늘어날것임에.... 차라리 6시 전에 가서 현장에서 예약하는게 생각보다 대기도 금방 빠지고 나은 선택이다. (5시58분쯤 현장대기로 앞에 20팀? 정도 있었는데 30분 정도 기다렸다)

가게외관은 밖에 있는 고기수족관 때문에 상당히 압도적이다... 뼈등심이 유명한 곳이지만 우린 뼈붙은 고기는 관심이 없어서 일단 720삼겹살1인분과 720목살1인분 시킨뒤 목살이 나은거 같아 목살추가 주문했다.

고기는 일단 전부 구워주시기 때문에 편하게 먹을수 있고 상당히 맛있는 고기임에는 틀림없지만 이상하게 두번 가고싶을정도로 땡기는 맛은 아니랄까.... 이전에 방문했던 칠돈가가 개인적으로는 두번 세번 더 가고 싶은 느낌이 들었는데 숙성도는 한번 먹어봤으니 되었다 라는 생각이 들었다 사실 개인적으로 돼지고기는 선호하는편이 아니라 고기맛을 잘 모르긴 한다 ㅋㅋㅋㅋㅋ

맛있는 고기임에는 틀림 없으나 이렇게 사람이 몰릴정도인지는 잘 모르겠다 ㅜㅜㅜ","왜 익은 고기 사진이 없냐면 먹느라 바빴기 때문이에요
맛있어요. 아랫등심 먹는 방법 알려주시면서 한 점 고사리에 얹어 주시는데 씹을때마다 물이 자꾸 나와요 육즙이겠죠
고사리 명란 멜젓 쌈장 마늘 와사비 나물 등 곁들여서 함께 먹으면 정말 맛있구요
전 점심에 가서 뼈등심을 시킬 수 있었는데 풍미가 좋아 맛있었습니다.
그리고 맥주가 정말 너무 맛있어요. 숙성도 맥주라니
낮술 제대로 했고
여자 둘이 가서 뼈등심 + 목살 총 2인분에 후식으로
갈치속젓볶음밥을 먹었는데 저거 정말 맛있어서 추천하고 다닙니다. 돌솥에 나오는데 안 먹어본 맛이에요

남자인친구는 혼자 2인분 + 갈치속젓볶음밥 먹었는데
배불러서 조금 남겼다고 합니다.
아마 남긴거 꿈에서 생각날거에요"
"서댓살 육회 육쫄 맛있음
걍 육개장보다 육쫄드세요 더 맛있음","이틀 연속 짝갈비 먹기!!

가고싶다에 찜해두었는데, 마침 근처에서 약속이 있어 전날 다른 곳에서 짝갈비를 먹었음에도 방문했습니다.

다른 리뷰를 보면 서대살이 좋았다고 하는데, 저희는 처음부터 끝까지 짝갈비로 달렸습니다.

웨이팅이 좀 부담스럽지만 재방문하겠습니다!","소고기!!
짝갈비>> 서대살입니다. 짝갈비 시키세오 맛있어오.

외식으로 소고기 먹은 거 정말 오랜만인 거 같은데 고기로 배채우고 왔죠? 맛있죠? 셋이서 서대살이 2인분/ 짝갈비 1인분/ 가리구이 (양념) 2인분 먹었고, 식사로 육개장 쫄면하나에 공깃밥 먹었어요

서대살은 2인분부터 주문 가능하고 직원분이 전부 구워주십니다. L자뼈에 두툼한 고기가 나오는데오. 약간 스테이크 먹는 느낌!인데 맛보다는 비주얼이 더 좋은 느낌? 제일 맛있는 건 짝갈비였어요!! 얇게 나오는데 숯불에 살짝만 익혀서 샤브샤브처럼 먹으면 살살 녹아요 ㅠㅠㅠ 다시 메뉴판 보니 짝갈비는 한우고 서대살은 아니더라고요. 역시... 두꺼운 고기보다 생고기가 짱입니다!! 다시가면 짝갈비릉 더 많이 시키겠어요. 가리구이는 양념된 고기인데, 숯불이라 좀 타더라구요!

서비스로 육개장 하나 주시고요. 육개장 쫄면은 굳이 안 시켜도 될 거 같아요! 사실 굳이 쫄면일 필요가 있나? 싶었어요. 괜찮긴 한데 그냥 공깃밥에 먹는 게 더 맛있음.

꼭 예약하고 가세요. 예약하고 가면 2층 룸이고 그냥 가면 1층에서 좀 복닥복닥하더라고요. 따로 예약금도 없었고, 룸이 프라이빗해서 조용히 이야기하기 좋았습니다."
"음식 맛도 괜찮고
김호윤 셰프님의 친절한 접객에
기분좋게 식사 할 수 있었음
고기 퀄리티도 좋았지만
양식터치를 가미한 부분이 더 인상적이었음",‘샤또브리앙 샌드위치’ 완전 감동 ㅜㅜ. 그 두꺼운고기가 한입에 부드럽게 베어지고 빵과 직접만든 마요네즈와의 조화,"고기 중심이라기 보다는 요리가 어우러진 오마카세
구워주는 고기는 특수부위와 등심이었는데
구워진 정도가 좋았지만 조금은 느끼ㅠ 양이 적어서 다행?
다채로운 창의적인 메뉴들을 맛볼 수 있어 재밌고 좋았지만
가격대를 생각해보면 재방문은 없을듯
친절한 서비스는 굿입니다"
"처음 생겼을 때부터 웨이팅이 많다는 얘기 들었었는데, 코로나 때문인지 토요일 저녁에 방문했는데도 바로 들어갔다. 논현점으로 갔는데 가게 내부는 협소하다.
꽈리멸고추치킨 시켰는데 소스가 아주 맛있다. 같이 갔던 사람도 대만족.
또 가고 싶다.","해가 뉘엿뉘엿 저물어가던 일요일 오후 4시쯤 효도치킨을 찾았다. 이 동네 근방 맛집들은 일요일엔 쉬는 경우가 많은데, 효도치킨은 일요일에도 반갑게 열려있었다.

오후 4시다 보니 우리 일행이 첫손님이었다. 순살 반반(꽈리멸, 고마워)에 감자튀김을 추가로 주문했다. 레드락 생맥주 주문은 기본.

곧 수북하게 쌓은 치킨이 나왔다. 치킨 양념간이 좀 쎈편이라 자주먹기엔 좀 물리지만, 오랜만에 한입 베어물었을 때는 정말 이만한 치킨도 없는 듯. 꽈리고추와 멸치볶음을 곁들인 간장치킨과 바삭하고 매운 연근칩이 고마워 치킨 번갈아 먹는 재미가 솔솔하다.

역시나 맛집답게 6시쯤 되니 곧 만석이 된다. 주말 이른 저녁에 방문하길 추천.","여기는 진짜 너무 맛있다 ㅠㅠ 집근처에 생기면 좋겠다...
안에 자리가 좁아서 웨이팅 했었는데 그거 까먹을정도로 맛있는 맛ㅎㅎㅎ
꽈리멸도 맛있지만 고마워가 더 좋았다 연근 아삭"
"오월의김밥(구. 소풍가는날)_김밥부문 상위권

최초방문_'19년 말
최근방문_'21년 7월

1. 한참을 찾았다. 소풍가는날이 언제 오월의 김밥으로 바뀌었으며.. 난 왜 그 상호를 오월의 종과 헷갈려 무엇이 잘못된건지 찾고있었던건지....

2. 김밥을 한끼식사가 아닌 가벼운 에피타이저 또는 디저트정도로 생각한다면 무조건 이곳이 넘버원이다. 한끼 식사같은 한입소반과는 결이 다른 느낌의 탑클래스 김밥이다. 그렇다고 김밥사이즈가 작지도 않다. 초 돼지김밥인데 가볍고 깔끔하다.

3. 오월의김밥의 시그니처는 누가뭐래도 밥도둑김밥과 샐러드김밥이다. 서실 다른김밥은 단한번도 먹어본적 없다. 이 동네를 오면 식사를 하고 습관처럼 사서들어가는 김밥이기에, 디저트의 느낌으로 항상 샐러드김밥, 밥도둑김밥 한줄씩을 주문한다.(밥먹기전에 전화하고 다먹고 가지러가면 딱 좋아요)
1) 밥도둑김밥 : 포슬포슬한 계란을 길게하여 여러개 넣고 매콤한 어묵을 같이넣어서 싼 김밥이다. 세상에.. 김밥은 뭘 많이 다양하게 넣을수록 좋아질것이란 나의 생각을 패대기 쳐버린 기가막힌 김밥이다. 다필요없고, 계란, 어묵 두개면 끝나..
2) 샐러드김밥 : 샐러드류 김밥은 쉽게 볼수있지만.이런 뚱보에 크래미까지 곁들인 김밥은 쉽지않다. 먹으면 밥이라기보단 마끼, 또는 샐러드가득한 샌드위치 같이 가볍고 상큼한 느낌이다. 도무지 흠을 잡을수 없는 김밥이다.

4. 왜인지는 몰라도 이름은 바뀌었지만 김밥은 여전하다. 감사합니다.

※ 결론
다음에 또 봐요","와 맛있다! 하지만 집념이 있어야 먹을 수 있다!!
그럼에도 불구하고 또 먹고 싶은 맛.

원래 웨이팅해야 하거나, 가격이 비싸거나, 인기가 많으면 평가에 까다로워지게 된다. 시간이든 돈이든 투자하는게 많기 때문… 하지만 이곳은 맛있다.
아침부터 전화로 예약해야 하는데, 주말에는 특히 사람이 많아 각고의 노력 끝에 예약할 수 있는 곳이다. 그래도 맛있어서, 다음에 또 먹고싶다…사실 항상 먹고싶다…

대표김밥에 들어있는 풍성한 계란이 정말 맛있는데 같이 들어있는 어묵이 생각보다 매우니 주의!","카스 별점 ★★★★★ [5/5]
<김밥계의 최강자>

이제는 상호명을 오월의 김밥으로 바꿨습니다. 네이버지도에 낙성대 소풍가는 날 검색하면 사당에 식당이 나오던데 그 식당과는 무관하다고 하니 주의하셔야 할 것 같아요!
가장 유명한 샐러드김밥(4500원)과 밥도둑김밥(4500원) 그리고 매운참치김밥(4500원)을 주문 포장해갔어요. 한 30분 전에 미리 전화로 예약하시는 게 좋습니다.

♥샐러드김밥(4500원): 야채랑 크래미가 잔뜩 들어있어서 캘리포니아 롤과 비슷한 맛을 느낄 수 있습니다. 다른곳에서 맛보기 힘든, 익숙한 김밥 맛과는 다른 맛이 나는 김밥이라고 생각합니다. 방문하시면 한 줄 꼭 시켜보세요!
♥밥도둑김밥(4500원): 한창 키토제닉 저탄고지 다이어트 유행할 때 유행했던 계란지단으로 가득한 김밥이에요. 계란만 가득하면 느끼할 수 있는데 매운 오뎅이 소량 들어가있어서 물리지 않게 맛있게 먹을 수 있었습니다. 그래도 계란이 많이 들어가서 매운참치김밥이랑 반줄 씩 먹으면 딱 좋을 것 같아요.
♥매운참치김밥(4500원): 이번에 처음 먹어봤는데 일반 매운 참치김밥처럼 청양고추를 넣어주시는 게 아니라 매운오뎅이랑 밥도둑 김밥에 들어갔던 매운 양념이 들어갑니다. 원래 참치김밥을 좋아해서 맛있게 먹었네요. 다만 매운 걸 잘 못드시면 덜 맵게 부탁드리는 게 나을 듯 합니다."
"✦ 맛 4/5    분위기 4/5    재방문의사 O
✦ 미쉐린가이드 선정, 설렁탕 맛집

삼성동에 위치한 외고집설렁탕, 주차공간이 넓고 발렛이 가능해서 편하게 식사가 가능하다.
가게내부가 깔끔하고 넓다.

일단 설렁탕집은 김치와 깍두기의 맛이 엄청 중요하다!
여기는 자신있게 김치와 깍두기를 한통씩 셋팅해준다.
당연히 국내산 김치들,
김치와 깍두기 맛이 좋다! 시원하게 잘 익었다.
설렁탕은 1++한우로 끓여졌다는데,, 설렁탕에 고기는 많지않다 ㅎㅎ
그래도 들어있는 고기를 간장에 찍어 먹으면 엄청 부드럽고 부드럽다. 결론=맛있다.
국물이 진하고 느끼하지않고 맛있다.
국물이 맛있어서, 꼭 밥을 말지않고 그냥 먹다가 다먹어갈때쯤 밥을 말아먹는것을 추천한다!","한 줄 평: 잘 함. 맛있음. 다만 내취향은 아님. 그렇다면 육개장.

개인적으로 고기국물요리는 묵직해야한다고 생각한다. 잠실 모 상가 돈코츠 라멘 마냥 무조건 기름지고 무거워야한단 이야긴 아니고, 육향이 찐하게 나는걸 좋아한다는 편이 맞겠다.

그런의미에서 이 집 설렁탕은 참 나한텐 별로인게 국물이 참 연하다. 그래서 남들이 나오자마자 허겁지겁 밥 말아 숟가락질 할 때, 나는 한참을 기다린다. 좀 식어야 내가 먹을만한 수준의 육향이 나니까.

근데 그렇다고 이집이 못하는집인가? 하면 그건 절대 아니다. 잘한다. 국물은 군더더기 없이 깔끔한 국물맛을 내고, 부드럽게 삶아진 고기는 입 안에서 부드럽게 녹는다. 나보고 이런 설렁탕을 끓이라고 한다? 한 5년 줘도 못 끓인다.

하지만 이 집 설렁탕이 ""잘 하지만 내 취향 아님"" 판정임에도 주기적으로 가는 이유가 있는데, 육개장이 꽤나 취향에 맞다. 칼칼하진 않지만 적당히 얼큰하면서 고기맛도 꽤나 나는 그런...

설렁탕이 취항이.아니라면 육개장을 한 번 드셔보시길.","— 따뜻한 거 먹고플 때 가는 곳 —

서울의 남쪽지역에서 있으며 부러운 점은 늘 노포나 한국 전통의 음식이 북쪽에 몰려있다는 것이었다. 사람냄새가 폴폴 나고, 조금은 번잡스럽지만 이조차 분위기로 용납해 식사할 수 있는 그런 분위기. 그래서 국밥로드는 보통 북쪽에 ‘가고싶다’가 집중된 편인데, 유일하게 이 동네에서 정이 가는 곳을 찾았다.

사실 여기도 노포느낌은 아니고 깨끗하긴 하다. 삼성중앙역 근처에 있고 자리를 옮겨 잡았다는데, 메뉴는 머릿고기를 넣은 설렁탕과 그렇지 않은 것으로!

늘 일반 설렁탕을 먹다 이번엔 머릿고기를 시켜봤는데 후회없었다. 쫄깃하고 식감 살아있는 머릿고기덕분에 깍두기와 김치도 바람 잘날 없이 계속 없어졌다.

고기와 국수를 어느정도 먹은 다음 밥을 말아 김치와 같이 먹으면 따뜻하고 좋다. 심심하고 촉촉한, 꾸덕하지 않은 국물도 내 스타일이다."
"소문대로 맛있다
순두부가 부드럽고 고소한게 속이 편안해 지는 느낌이었다 오전에 방문했기도 했고 막걸리를 곁들이지 못한게 아쉽다.
계절에 맞게 콩국수를 시켜봤는데 콩물이 진하고 구수한게 맛있었다. 콩물과 두부 포장을 해가고 싶었지만 ㅠㅠ
날씨때메 포기...

가격도 너무 착하고
또 생각날듯함.","— 두부가 다 거기서 거기지 (시니컬한 엄빠) —

Z세대를 일반화할 수 없지만, 아침 잘 안먹는다... 조리하기 간단하고, 적당히 속만 달랠 정도만 먹는 Z세대에게 아버지의 콩나물국밥 아침제안은 심히 고역이었다. 늦잠을 자고 싶은 내 마음도 모른 채 꾸역꾸역 아침밥을 향해 우리 가족은 어딘가를 향해 가고 있었고... 그래서 그나마(?)낫다고 제안하게 된 할아버지 손두부!

주차하기 불편하다. 아차산 올라가는 방면 골목에 아주 작게 위치하고 있기 때문에, 공영주차장 혹은 주차위치가 따로 없어 차를 가져오는 게 좋은 선택은 아니다.

내부에 들어서면 구수한 풍경이다. 등산복을 입은 등산객들의 아침 막걸리 파뤼와 두부냄새가 꽤 좋다. 자리가 편하고 깨끗한 느낌은 아니지만, 맛집스멜.

모두부 하나와 순두부 4을 시켰다. 밥은 따로 추가해야한다.

양은그릇에 예쁘게 담긴 순두부가 담겨져 나온다. 기호에 따라 양념을 추가해도 되고, 새우젓이나 밥과 같이 먹어도 된다. 두부맛은 꽤 깊다...! 할아버지 사진이 대문짝하게 걸려있는데, 맛없다고 하면 혼낼 것 같다. 속을 달래기에도 아주 좋고, 안주로도 손색없는 맛.

모두부도 맛있는데, 다만 김치가 더 맛있으면 좋겠다는 아쉬움이 살짝 있었던 반면, 무생채의 경우에는 맛있었다. 몇번 리필을 해서 먹었다.

이 집 어떻냐고 여쭤보니, 부모님께서는 두부가 다 거기서 거기지~~~라는 시니컬한 대답이 돌아온다. 나는 아침이 안들어가 반이나 남겼는데, 그렇게 대답해놓고 엄빠께선 싹싹 비우셨으면서....ㅠㅅㅠ

다음엔 콩나물국밥집 그냥 따라가련다.....

하지만, 등산하고 내려와 먹으면 정말 꿀맛일 것 같다. 막걸리 종류도 매우 다양하고, 이 집에 오면 마셔야 할 것 같은 분위기!","맛 : 4.0
분위기 : 3.0
가격 : 5.0
서비스 : 2.5

오래된 손두부 맛집인듯하네요. 차 몰고 가지않고 막걸리까지 마시면 최적의 장소 입니다. 저렴한 가격에 한잔 자시기 좋은 식당이네요. 하지만 서비스는 조금 퉁명스러우셨어요. 두부만 즐기고 싶다면 추천 합니다."
"왠지 모르게 낯이 익다 했더니...!

옛날에 살던 아파트에서 3분만 걸어 올라가면 신성각이 있었다. 부모님의 손에 이끌려 종종 가곤 했는데, 그 때는 '무슨 맛으로 이런 짜장면을 먹지?' 싶었다. 그래서 내 기억 속에서 지운 걸지도 모르겠다. 공덕동 살 때 외식에 대한 기억은 조박집과 원마산아구찜 말고는 별로 없다.

거의 15년 만에 다시 먹어보니까 이제서야 그 맛을 알 것 같다.
--------
♤ 간짜장 (6,000₩)
다른 분들이 언급하셨듯이, 여기의 짜장은 설탕 없이 춘장으로만 볶아낸다. 이 때문에 [짜장계의 평양냉면]이라는 표현답게 단맛이 거의 없다. 짜장면은 달달하고 쫀득한 소스 맛에 먹는 거 아닌가 싶겠지만, 여기는 소스가 아닌 야채로 승부한다. 잘 볶아진 양파는 매운맛이 다 날아가고, 은은한 카라멜 향이 피어난다. 그러면서도 양파와 양배추의 아삭함은 적절하게 살아 있다는 점에서 제대로 볶은 짜장이라는 것을 알 수 있다. 강렬한 한 방은 없지만, 식감이 좋고 간도 부담스럽지 않아 막 숟가락으로 퍼먹고 싶은 그런 짜장이다. 숟가락이 없는 게 아쉽긴 하지만.

면도 빼놓을 수 없다. 새하얀 수타면은 짜장면보다도 우동을 연상시킨다. 탱탱하고 쫀득한 식감은 없지만, 내가 먹어본 그 어느 수타면보다도 부드럽고 매끈하다.
--------
내 스타일의 짜장면은 아니다. 그렇지만 그게 맛없다는 뜻이 아니다. 다른 중식당에선 찾을 수 없는, 사장님의 40년 신념이 집약된 유니크한 짜장면 한 그릇은, 무더운 여름날 공덕동 가파른 언덕을 오르면서까지 찾아올 가치가 있다.
.
★★★★","<간짜장 맛의 끝>

내가 생각하는 국내 넘버원 짜장, 간짜장을 만날 수 있는 곳.

---------------------------------------------------------------------------------

자세한 설명은 생략한다. 이미 여러 유저분들이 다녀간 이 곳에, 지지부진한 내 설명은 설명이 아니라 군더더기다.

짜장만으로도 감동, 과장 한 스푼 더해 울었던 곳인데 드디어 신성각의 진짜 전력을 맛봤다. 바로.. 간짜장!

무심하게 툭 내주시는 면, 짜장은 비주얼부터 다르다. 울퉁불퉁한 미색 면. 뽀얀 오이채. 곱게 채 썬 양파, 양배추, 부추의 삼위일체. 빛이 난다. 완벽하다.

특이하게도 산미가 있는 간짜장. 그게 또 신기하게 한껏 우러난 감칠맛, 고소한 맛과 기막히게 어울린다. 면의 부드러운 씹는 맛이 빠짐 없이 스며든 풍성한 식감도 어지간한 고급 음식의 그것 부럽지 않다. 잡내 없는 육사가 더하는 감칠맛도 환상적인 한 방.

체면 따위 내려놓고 흡입할 수밖에 없는 간짜장이랄까. 실제로 그렇게 먹었다. 허겁지겁. 후루룩 후읍읍.

본인이 중식을 좋아한다면.. 아니, 중식을 그리 즐기지 않더라도! 이 집 짜장, 간짜장은 꼭 맛보도록! 평범한 짜장, 평범한 간짜장이 아니다. 특히 간짜장은 꼭 한 번 맛보길 권한다.

잘 먹었습니다!

PS)반죽이 붙었다 떨어지는 둔탁한 소리에 아이언맨 출격음 뺨치는 불 붙이는 소리. 생명감이 느껴지는 웍질까지. 모두 만날 수 있는 준비 시간 역시 보물. 폰 보지 말고, 오롯이 즐기자.
PS2)음식 관련하여 아쉬운 점, 바라는 점은 없다. 그저.. 사부님이 계속 건강해 주시길, 계속 이 귀한 간짜장을 볶아 주시길 바랄 뿐.
PS3)효창공원역에서 식당까지 거리가 걸어가기에 애매한 거리인데, 가뜩이나 맛있는 짜장면을 더 맛있게 먹고 싶다면 그래도 걸어가는 걸 추천. 적당한 걷기 뒤의 짜장은 더 달다.",굿
"달짝지근한거 안좋아해서 개인적으론 맛은 별로지만
이건 호불호 나뉘는 문제고..
테이블여유 있어도
자리앉자마자 쭈꾸미 불판 올려버린다고 바로 먹을거 아니면 밖에 서있으라 하심 (일행안온상황)
이건 이해함
물병보다 쭈꾸미 먼저 세팅해주심 빨리 먹고싶은 사람들한텐 좋을듯
물수건을 깻잎위로 날리심
아주머니 몰래 깻잎 젤 윗장 물컵에 쑤셔버림
테이블 간격 너무 좁아서 옆테이블 지나가실때마다
계속 의자 당겨줘야함
깻잎 천사채 알아서 리필 잘 해주는 편
하지만 말안하고 휙 가져가서 읭?하게됨
뭘 놓을때마다 던지고 싶어서 안달난것 같음
화장실 어딧냐 묻는데 카운터에 물어보라고 내 등을
확 밀어버림
기분나쁜티 내니까 미안해요.하심
옆테이블 소주 시켰는데(우리도들음) 맥주 뚜껑따서
갖다줘서 소주시켯다니깐 어머 어떡해요 미안해요 라고만
하셔서 결국 그 맥주 우리가 먹게됨(옆테이블이 계산, 그냥 드시라함 그럼 우리가 소주계산하겟다니 아저씨가 됐다함ㅠ)
계산할때 요구르트 주시는데 불만의 의미로 쳐다보지도
않고 나옴",양념이 너무 매워 혀가 마비돼서 볶음밥이 괜찮았던 것 말고는기억이 잘 나지가 않는다. 손님이 너무 많다 보니 신경을 소홀히 써주시던데 이 점은 개선해야 할 듯싶다.,"진짜...
전 매운 걸 못 먹지만
이 근처 가서 이걸 안 먹을 순 없었어요.

어린 시절엔 그렇게 매운 걸 좋아하고 잘 먹었었는데
그 시절엔 이곳에 와서
이열치열이라며 깻잎에 고추와 쭈꾸미를 싸먹는 걸 그렇게 좋아했었는데 ...

지금은 천사채와 야무지게 쌈을 싸먹네요. ㅎㅎㅎ
진짜 세상 맛있게 잘 먹고 양손에 포장까지 해서 나왔어요.
포장할 때 제발 천사채는 싸주셨으면 좋겠는데
정말 칼 같이 거절하시더라고요 ㅜㅠ
아쉽아쉽

당연히(?) 배가 쓰렸지만
후회하지 않는 식사였습니다."
"태어나서 처음 방문해보는 대전에 출장차 내려와서 망플을 켜보니 언제 등록해놨는지도 모르게 가보고싶은 목록에 들어있던 태평소 국밥.. 아마 몇년 전에 전국 맛집 게시물을 보며 등록해놓은듯 한데 매우 신기했습니다

일단 가격이 저렴한(특히 작은 사이즈 육사시미가 있다니)게 가장 마음에 들었고, 그 가격에도 내용물이 꽉찬 내장탕의 시원한 우거지 국물이 정말 최고였습니다

소주가 땡겼지만 궁상맞아보일까봐 혼술은 패스..

충남대생 카이스트원생들은 부럽네요 학교 앞에 이런 식당도 있고","육사시미를 저렴하게 먹을 수 있는 맛집!!!!
따로국밥,갈비탕,육사시미小 이렇게 먹었는데 차만 없었으면 바로 소주시켰습니다...",굿
"R고기를
다녀왔다.

이곳은
고기가
나쁘지 않다.

상당히 신경쓴 티가
느껴지는 곳이다.

그런데~~
고기 퀄리티가
사실 기복이
있다.

그래서 아쉬움도 있다.

처음 나온
안심의 경우
두께감에 비해
중심부위를 비껴가
씹는 식감에서
질감의 미묘한
이질감이
느껴졌다.

부위별로 좋은 고기를
내어 주셔서 맛있게
먹었지만 공교롭게도
미우에 비해서 오히려
아쉬움이 남았다.

고기집의
한계일 수 있지만
퀄리티 균형에 대해
조금은 고민해 봐야할
문제가 아닐까?

미우가 너무 터무니 없이
저렴한 가격에
고기의 질을
잘 유지하시는 거
같기도 하다.

그럼에도 R고기 또한
좋은 고기집이라
생각한다.

무엇보다
작은 찬 하나에도
고심한 흔적이
잘 느껴진다.

특히 실처럼 직접
손으로 썰어낸
파의 경우 고기와 너무
잘 어울린다.

숯 또한 좋다
비장탄의 화력이
그대로 느껴진다.

단촐하지만
작은 찬 하나에서
가게의 수준을
느낄수 있다.

그리고~
특히 오므라이스의 경우
3만원이라는 가격이
전혀 아깝지
않은 맛이다","알고기는 항상 맛있다, 예전에는 비싸다고 생각했는데 위치 생각하면 크게 비싼 것 같지도 않다.",맛있다. 오므라이스가...그릴링 해주시는 분이 좀 미숙하셔서 아쉬웠음ㅠ
"육수에 구수한 고기맛이나서 좋았어요!
비빔은 별로!
굴림만두도 담백하니 ㄱㅊ아요
구래도 난 평양면옥이 좋더라~",생각보다 괜찮았어요. 항상 우래옥 평양냉면을 선호 했는데 이 집도 그만하면 명함 내놓아도 될것 같내요. 잘 먹고 갑니다.,여기 평양냉면 인정!!! 평양냉면 마니아들은 잘 모르겠지만 저처럼 입문자들한테는 정말 쵝오 입니다! 이래서 평양냉면에 빠지나 봐요! 면 식감도 좋구요 국물이 너무 매력 있어요. 밍밍한 맛이 없는데 깔끔한 평냉 맛집 입니다.
"반포-잠원 지역의 소울푸드 느낌의 치맥집.
1. 가장 바깥에서 바로 안쪽 자리에 착석 (개방감 굿)
2. 양념-후라이드 반반 주문
3. 생맥주 500 주문 (둘이서 13잔)
4. 수제비 흡입 (해장 완료)

너무 맛있었고, 너무 좋았다.
야장을 워낙 좋아하는데, 딱 좋은 정도의 개방감이었음.
약간 더운 날이었는데, 생맥주 꿀맛 ㅠㅠ
생맥주 먹으러 깐부 자주 갔었는데, 이 집도 관청소 자주 하시나보다.
생맥주는 역시 회전이 잘되는 집에서 먹어야 함.

다들 항아리를 주문하기에 뭔가 하고 여쭤보니 수제비란다.
주문해 국물 한 스푼 먹으니...와우 시원하다. 조갯살 막 나오고.
다음 날 스케줄만 아니면 소주를 주문할 뻔.

프랜차이즈 치킨에 밀리지 않는 전통적인 치킨 맛.
맛있어서 한 마리 포장해옴. 추천!",치킨은 가격에 비해 작지만 바삭하게 잘 튀겨져있고 야외 분위기 값이 있다. 얼큰 수제비를 함께 시키면 대박,"약간 압구정 한추 느낌의 주점인데 꽤나 시끄럽다
회전율이 좋아서 생맥이 진짜진짜 시원하고 맛있음

여기 안주는 다 맛있다는 평에 기대했는데, 골뱅이 소면은 조금 쏘쏘...
시그니쳐 메뉴를 시키는 게 답일 것 같다
얼큰대합수제비가 진짜 맛있었고 의외로 맥주랑도 조합이 낫밷

나중에 가면 후라이드 치킨 + 수제비 조합으로 먹어볼 예정"
"맑은국물은 처음먹어본거같어요!
소문대로 징짜 맛있어요
바다는 안봐도 돼지국밥은 먹는다!","부산 여행 2일차!
부산에 오면 안먹어볼수 없는 돼지국밥!

자리에 앉아 국밥과 수육 주문. 워낙 사람이 많아 계속 끓이시는지 엄청 빨리 나온다.

국밥- 평소 먹어보던 국밥과 달리 국물이 엄청 맑고
슴슴하다. 국밥계의 평양냉면같은 느낌.
고기도 많고 돼지 누린내도 전혀 없어서 부추랑 새우젓
넣고 한그릇 뚝딱!

수육- 가격대비 양이 많으며 퍽퍽하지 않고 엄청 부드럽다.
물론 잡내도 전혀 없다.

개인적으로 맑은 궁물보단 진한 국물을 좋아하지만 이 집은 재방문 하고 싶은 맛이다. 재방문시에는 인원수대로 수백을 시켜야지","부산여행 먹부림 8번째 맛집!
사실 1~7번째 맛집 중 쟁쟁한 맛집들이 많았으나 이번 부산여행 마지막날 아침에 접한 이 집이야말로 내가 8개나 되는 식당들의 후기를 쓰는 이유이며 이 최종보스급 맛집에 대한 빌드업에 불과하다...
부산에서 국밥을 먹고싶다. 어디갈지 모르겠다? 이 집을 오면 된다.
부산에서 국밥을 먹었었는데 별로였다? 이 집에 와야 한다.

찾아가면서 보성녹차 찾아갈때마냥 다소 외진 골목을 돌아서 가길래, 이런 곳에 맛집이 있다고? 노포인가? 하면서 왔던 집.
그런데 막상 와보니까 허름한 외관과는 다르게 사람이 꽉꽉 차서 띠용....? 했음. 테이블석과 좌식 룸이 있는데 이미 테이블석은 만원이었고 룸 자리도 운좋게 딱 한 테이블이 남아서 앉을 수 있었다. 12시가 채 되지 않은 시간이었다...

모두가 추천하는 대로 수백(수육백반. 7천원) 4개를 시켰다. 수백 시키면 국물이랑 밥이랑 수육 다 나온다. (근데 수육 시켜도 밥이랑 국물 다 나오더라ㅋㅋ 국밥시키면 바보된 기분일듯..) 살짝 아쉬울듯 해서 순대 소짜를 시키려고 했는데 웬걸, 순대가 다 떨어졌다고 한다... 다시 말하지만 이 시점은 12시가 채 되지 않은 시간이었다...
국물은 맑은 국물이지만 깊은 맛을 낸다. 간이 세지 않아서 새우젓을 넣어먹어도 되고, 다대기를 넣어먹어도 되고 입맛대로 먹으면 좋다.
수육은 놀랍게도 돼지냄새가 전혀 나지 않음. 솔직히 편견이지만 이렇게 오래된 노포는 국밥을 먹으러 오면 입구부터 돼지 누린내가 확 나는 경우가 많아서 감수하고 갔었다. 그런 걱정이 민망할 정도로 잘 삶아진 덕분에 수육은 코박고 먹었다. 양도 매우매우 혜자스럽다.
음식이 너무너무 맛있어서 대선 한잔 땡기고 싶었는데, 안타깝게도 아버지가 운전을 하셔야 해서 술은 못먹었다. 술 생각이 절로 나는 맛있는 식사였다.

식사 다하고 나오니까 웨이팅하는 로컬 주민들로 가게 앞이 문전성시를 이루고 있었다. 여행 중 방문했던 다른 집들도 물론 로컬에서 쟁쟁하게 유명한 곳들이었기 때문에 비율이 어땠는지 잘 모르겠다만 이 집은 유난히 체감될 정도로 로컬 주민 손님의 비율이 매우 높았다...

재방문 의사 10000000프로인 곳. 부산 여행 마지막 식당이었으며 대미를 장식해줘서 너무 고마운 집."
"지방과 살 비율이 좋았어요 껍데기 부분도 쫀득!
단맛이 덜하고 족발 본연의 맛을 느끼기 좋은 거 같아요 다만 돼지냄새가 조금나요!
저는 단맛이 어느정도 있는 족발을 좋아해서 제 스타일은 아니었지만 그래도 먹어볼만했습니다!","이렇게 유명한 곳인 줄 몰랐는데
직접 가서 먹어 보니 고기도 야들야들하고 맛있었다!
다시 한 번 가보고 싶다.","""쫀득한 집""

@주관적 평점 3.9

장충동 대로변 안쪽에 위치한 집. 입구에 대문짝만한 '원조중의 원조' 문구가 인상깊다. 그 시대의 산 증인이 아니기 때문에 어디가 원조인지 당연히 모르기도 하고 딱히 관심도 없다. 그냥 맛있으면 되니까!!

1. 족발 小 30,000₩
주문하자마자 음식이 5분도 안되서 나왔다. 사람이 별로 없기도 했거니와 자리에서 바로 썰어주시는 듯 했다. 때깔이 진하진 않았다. 지방과 살코기가 적절히 들어간 부위를 골라 맛을 보니 겉 껍질은 질기지 않은, 부드러운 쫀득함이 느껴졌고 지방 부위는 혀에 닿자마자 녹는다! 살코기 역시 멜팅된다. 허나 살짝 돼지 특유의 냄새가 났다. 아주 살짝. 그리고 살코기 중 어느 부분들은 아주 약간 질겼다. 마음에 들었던 건 새우젓장이 묽지 않고 되직해서 찍어먹기 좋았다.

2. 막국수 8,000₩
막국수를 설탕, 식초, 겨자와 같이 주시는데 이유가 있다. 양념은 기본 다대기만 들어있고 추가적으로 직접 간을 맞춰야한다. 조금 새롭긴 했다만 썩 편하지는 않았다. 아무래도 양념을 스스로 맞춰야 하다보니 맛이 객관적이진 않지만 면이 아주 촵촵 붙고 쫀득했다. 이집 족발처럼. 다대기 자체도 감칠맛이 있었다만 뭐.

총평은
명성이 컸기에 내가 기대를 많이했나. 첫입의 감동은 있었지만 후에 살짝 실망스러운 부가 요소들이 몇개 보였다. 그래도 다음 날인 지금 리와인드해보면 '그래도 맛있었지' 싶다."
"“닭한마리 받고 닭두마리로 가”

시장 상인들을 대상으로 닭칼국수를 팔던 한 식당은 커다란 양푼에 닭을 통째로 넣고 육수를 부어 즉석에서 끓여먹는 음식을 개발했고, 단골들이 “여기 닭한마리 주세요.” 라고 주문하는데서 착안하여 음식 이름을 붙였다. 이 음식이 바로 ‘닭한마리’다.

추운 겨울날에 딱 어울리지만, 쌀쌀함이 채 가시지 않은 이 계절의 밤에도 썩 잘 어울리는 음식이다. 그리고 저렴한 가격으로 즐기는 최고의 코스 요리이기도 하다. 먼저 뜨끈한 탕으로 몸을 데우고, 샤브샤브한 떡과 야채로 급한 허기를 채운 뒤, 담백한 닭고기와 탕을 곁들여 소주를 기울인다. 취기가 올라오면 칼국수 사리를 넣고, 죽으로 마무리한다. 취한 상태에서 먹는 탄수화물의 맛이란...

닭한마리가 태동한 골목으로부터 머지 않은 곳에서 십년 가까이 일을 했기에, 자연스레 이 음식을 자주 접하게 됐다. 여러 식당을 다니면서 든 지배적인 생각은 ‘맛이 다 거기서 거기’ 였지만, 그래도 조금의 차이에서 생겨나는 선호는 분명 있었다. 내가 서울에서 가장 좋아하는 닭한마리집은 동대문 근방의 ‘소문난원할매닭한마리’, 그리고 오늘 소개할 종로의 ‘백부장집 닭1마리’다.

담백하고 가벼운 닭육수 위에 원할매가 약재를 사용해 국물의 깊이를 더한다면, 백부장은 닭발을 사용해 진득함을 더한다. DIY 방식의 여타 닭한마리집들과 달리 백부장은 닭을 먹기 좋게 잘라서 넣고, 양념장도 미리 만들어진 상태로 가져다 준다. 괜히 부장 직급을 단 게 아니란 생각이 드는 철저함이다.

닭한마리도 닭한마리지만 김치와 양념장이 물건이다. 물김치도 아니고 그렇다고 배추김치도 아닌 허여멀건한 김치는 시원한 달큰함으로 주인공의 무게를 덜어준다. 양념장은 말린 홍고추, 겨자가루, 양파, 식초, 간장을 넣어 갈아서 만드는데 시큼하고 알싸하고 텁텁한 그 맛이 왜 이렇게 입맛을 당기는지 모르겠다. 하얀 닭살 위에 올려 먹는 것도 좋지만, 탱글한 국수를 양념장 위에 올려 사정없이 비벼먹는 게 진짜다.

다들 몰라 주는데, 이 곳 닭도리탕도 참 좋다. 육수를 넉넉하게 부어 즉석에서 끓여먹는 방식의 닭도리탕은 유독 종로에서 많이 보이는데, 이제는 전국구 식당이 된 종로의 두 식당 ‘계림’, ‘오죽이네’와 비교해보면 그 중간 정도의 무게감과 간이 느껴지는 닭도리탕이다. 떡볶이같이 진득한 닭도리탕에 익숙한 사람이라면 처음엔 좀 어색할 수도 있지만, 소주를 기울이며 찬찬히 졸여가면서 먹으면 정말 이만한 안주가 없다. 이 곳에 가려면 둘이서 닭1마리 말고, 넷이서 닭2마리 하라고 추천하고 싶다.

그나저나 닭한마리는 렌즈에 끼는 김 때문에 도무지 사진을 예쁘게 찍을 수가 없네.

instagram: colin_beak","밥점 : 3/5
필자는 서울에는 3대 닭한마리중 진원조파이다.
백부장집은 처음으로 방문했는데 역시나 앉자마자 한마리 냄비가 그냥 나온다. 독특한 점은 소스였는데, 만들어먹는 다른 두집과 달리 그냥 툭 놔지는 소스.
근데 이 소스가 엄청 맛있다. 소스만 놓고 보자면 3대 집중 이집이 최고가 아닐까.
먹팁이 있다면, 김치를 건저서 소스에 버무려 놓고 고기를 싸먹으면 소스맛, 김치의 아삭한 식감, 그리고 닭 삼조화가 아주 좋다.

아쉬운 점은 닭 사이즈가 다른 집에 비해 작다. 그리고 칼국수의 양도.","여긴진짜 닭한마리 먹고싶으면 가는곳.
처음엔 닭이랑 떡을 주시는 소스에 찍어먹고 그뒤 떡사리, 칼국수 ㅜㅜㅜㅜ 계속 추가 하고싶을 정도로 맛있음.
중독적인 맛!
항상 사람이 많은 것 같음. 그래서 저녁에 8시쯤 방문 했을때 밥이 다 떨어졌다고 한적도 있으셔서 죽도못 먹은적 있음 ㅠㅠ"
"존맛탱;;;
진짜 개맛있음ㅋㅋㅋㅋ ㅠㅠ
구워먹는 애는 밖에서 곱창밖에 안사먹는데 얘는 재방문의사 높아요

모듬구이 중, 다리 양념 먹었는데 다리 양념이 짰던거 빼고 마늘구이 와사비 다 만족해요!!

아 계란밥은 조금 비싼데 맛은 쏘쏘","테이블마다 마련된 화로에 닭고기를 숯불로 구워주는 곳이다. 다리, 가슴, 날개, 염통, 어깨까지 다양한 부위의 닭고기를 맛 볼 수 있다. 고기 자체에 간이 꽤나 강하게 되어 있어서 그냥 먹어도 짭짤하니 맛있다. 산초 섞인 간장 쏘스나, 와사비 섞은 레몬즙, 시소잎이 들어간 쌈무 등 색다른 조합으로 닭고기를 즐길 수 있는 점도 좋았다. 약간 덜 익혀 최선의 닭고기 맛을 내면서도 비린내는 나지 않는다. 개인적으로 닭 가슴살을 이리 맛있게 먹을 수 있는지를 처음 알았다. 술과 곁들이기도, 식사하기도 좋은 곳이다.","괜찮은데 지코바 소금구이랑 뭐가 다른지 모르겠어요.

요즘 핫한 닭고기 구이집이러 궁금해서 다녀왔어요. 사실 닭구이가 맛있어 봤자 얼마나 맛있겠어? 했는데 음 기대치 그대로의 맛이 나왔어요. 닭 소금쳐서 구운 맛... 여러 부위를 먹어봤는데 그대로 닭 소금쳐서 구운 맛이었어요.

숯향이 나긴 나는데 다른 고기보다/만큼 놀랍게 맛있진 않았어요. 비교하긴 조금 그렇긴 하지만 지코바에서 먹었던 소금구이 닭고기와 대동소이한 맛이예요.

저는 명성에 비한 만큼의 맛은 별로 와닿지 않아서 괜찮다 드립니다. 재방문의사x"
"제대로 된 우설을 맛보고 싶다면 바로 여기!
1층 문앞부터 사람들이 북적북적 늘 인기가 많은 곳입니다. 이름은 갈매기살 집인데 전 갈매기살도 좋지만 우설으 정말 맛있더라구요. 우설 맛이 미쳤어요!!! 야들야들 부드러운 우설에 빠졌습니다ㅠㅠ 마약소스에 콕 찍어먹으면 캬아! 식사하려고 시킨 청국장 물론 맛있고 염통줄기 요게 또 술도둑이더라구요? 니혼슈와 사케또한 웬만한 전문점 수준으로 준비되어 있습니다. 너무 매력적이고 맛있는 집!","최애 맛집 중 하나인 부일갈매기

여긴 대놓고 추천할 수 있을 정도로 제 찐맛집 폴더에 있는 곳이랍니당

말이필요없는데 갈매기살이 가격대비 맛있고 한우 살치살도 죵말 맛있습니다~~~

청국장도 청국장맛집이라고 할 수 있을 정도로 많이 짜지 않고 담백하면서도 고소한 맛이 아주 좋아요!!

왜 항상 사람이 많은지 먹어보면 이해가 되는 곳이라고 할 수 있겠습니다 :) 주차는 다소 협소해요!","드디어 왔다 부일갈매기!
갈매기살과 항정살 주문.
나중에 알고보니 이 곳은 우설도 유명하고 주류 라인업도 화려했다.
술을 못하는 자리였어서 주류 라인업 즐기지 못한게 아쉬웠는데 우설과 함께 다음번을 기약했다

갈매기살은 또 , 선주문 후리뷰정독을 하여 양념과 생으로 나뉘는지 몰랐고 디폴트가 양념인지 몰랐던 것.
양념을 먹었는데 맛있었지만 개인적으로 생고기에 소금이나 와사비 등의 양념 조금 찍어먹는 걸 좋아해서 다음번은 생 갈매기살을 기약했다

항정살은 후추향이 가득나는 된장스러운 소스와 같이 먹으라셨는데 후추향이 솔솔 나고 고소해서 맛있었다
항정살도 쫄깃하고 매우 맛있었음!
갈매기살도 탱글탱글했다.

뭣보다 청국장이 유명하다 들었는데 안에 청국장도 가득하고 두부도 가득하고, 아주 취향저격 메뉴였다
이 외에도 다양한 메뉴가 있어 또 와서 즐기고 싶다"
"너무 오랜만에 리뷰네. 울릉 너무 맛있다.
얼마만의 리뷰인지 모르겠으나 꽃 장아찌가 너무 인상적이라 기억해두려고 망플 들어왔다. (무슨꽃인지 아는 분 꼭 알려주시길...)

사실 추천하자면 비빔면이 제일 맛있지만 이번에 시도해본 메뉴들도 다 괜찮았다. 계절이 변하니 메뉴판도 바뀌어서 이전에 맛있게 먹었던 오징어 솥밥이 없어서 아쉬웠다.

육회비빔밥 평양냉면+수육.
평양냉면은 솔직히 취향은 아니었다. 육향이 진하다 못해 진짜 소 기름 맛이 난다. 생버터? 요거트? 그런 향에 질감. 면이 정말 예술이었고, 맛있었지만 좀 더 담백한 쪽을 선호해서 엄청 인상적이지는 않았던 것 같다.
육회비빔밥 진짜 맛있음. 완전 추천추천.

평일 저녁에 식사하러 가기 좋으니 조만간 또 가게 되지 않을까",ㄱㄱ,"들어나 보았나 울릉 떼루아

와인용어로 많이 쓰이는 떼루아 라는 단어는 많은 뜻을 함축적으로 담아내는데 간단하게 표현하자면 그 지역, 그 땅만의 개성-특징 이라고 말할 수 있다. 우리나라에도 제주도를 비롯해 그 지역만의 대표적이고 좋은 식재료 찾기에 여념이 없는 외식인들이 더러 있는데 이렇게 색깔을 확실하게 보여주는 고깃집도 드문 것 같다. 그것도 현지가 아닌 서울에 울릉도라니.

그 울릉도의 식재료를 사용해 요리하는 곳인데 그 귀하다는 약소-칡소를 판매하는 곳이라고 해서 궁금하던 차에 친구와 작정하고 갔지만, 배편으로 이용해야 하는 울릉도 특성 상 재료 공급이 원할하지 않아 이번엔 살치살 만 칡소로 맛볼 수 있었다. 칡소만의 어마어마한 특징-개성이 있는건 아니지만 일반적인 한우와는 조금 다른 풍미를 맛볼 수 있었던 걸로 만족. 그외 한우로 맛본 고기들도 전부 상당히 좋은 품질의 고기였고 서비스 해주시는 분도 너무 친절하시며 정성을 다해 잘 구워주셔서 정말 좋은 식사를 하고 왔다. 냉면도 기대보다 훨씬 맛있었음.

나중에 꼭 코스요리와 칡소-약소를 맛보러 다시 올것임.."
"밋업으로 다녀왔습니다.
메뉴는 다른 분들이 잘 적어주셨구요.. ㅎㅎㅎ
저는 나오는대로... 구워주시는 대로.. 예... 그렇습니다.

야끼니꾸도 생소하고, 처음 먹어본 부위가 많아서 혼란했숩니다. 저처럼 처음 먹어보는 분들도 계실테니 적어봅니다!

전반적으로 여러 부위가 소량으로 나와요. 조금씩 다 먹어보고 싶은 분들에게 딱 맞을 곳이예요. 그래서 식사하고 2차로 와도 좋을 것 같아요 4명이서 갔더니 한 두점씩 먹으면 다음 메뉴로 넘어갔습니다.

우설 처음 먹어봤는데..! 어 제 입에는 뻣뻣하기만 하고 다시 찾고 싶은 맛이 아니었어요.. ㅠㅠ 맛알못 죄송합니다.. 두번 먹으면 맛있으려나요..?

소 위 부위는 전반적으로 맛있게 먹었어요! 벌집위 !!가 가장 고소했고, 특양도 쫄깃하고요.

안창살/늑간살과 같이 먹어본 부위들은 부드럽고 부담없이 맛있었습니다. 그런데 소스 찍어먹는거보다 그냥 먹는게 더 맛있는거 같아요. 소스는 3~4가지 있었는데 다 고기랑 어울리는지 잘 모르겠어요 >.0

식사로 주문한 곱창국밥은 담백한 스타일이라 호불호 갈릴 수 있는데, 저는 부드러워서 맛있게 먹었습니다.

연기 관리와, 어느 부위인지 잘 안 말해주시고 서빙하시는 점은 아쉬웠습니다. 하지만 가격대가 저렴한 편이라고 하니 이해해야할 부분인 거 같네요!

먹을 때는 맛있었던 것 같은데 다시 가고 싶다는 생각은 안 드네요!","온갖 기상천외한 소 특수부위들을 맛볼 수 있는 식당. 동맥, 식도, 울대 같은 부위를 해부학 책이 아니라 메뉴판에서 보게 될 줄이야!

2주 전부터 예약이 가능하며, 매장이 그리 크진 않으므로 예약 후 방문 추천. 숯불 위 그릴에 직접 고기를 구워 먹는 야키니쿠 스타일의 식당으로, 테이블보다는 카운터 자리에 앉는 게 좀 더 이곳의 묘미를 즐기기에 좋을 것 같다. 우린 4명이라서 테이블에서 먹긴 했지만.
--------
메뉴 종류도 엄청나고, 아예 먹어본 적도 없는 부위가 태반이라, 일단은 추천 메뉴 위주로 주문했다. 생각보다 양이 꽤 된다.

♤ 우설 3종 (우설+미소탄+탄스지) (25,000₩)
우설-미소탄-탄스지 순서로 구워먹으면 된다. 우설은 쫄깃한 식감과 진한 육향이 특징. 혀 삼총사 중에서 제일 맛있게 먹은 부위는 탄스지로, 우설보다 부드럽고 고소하다. 우설을 구워본 적이 별로 없는지라 오버쿡을 시키고 말았는데, 초보 분들은 왕년에 고기 좀 구워 본 친구를 데려가시는 걸 추천.

♤ 안창살 (15,000₩)
부드럽고 감칠맛이 강한 부위. 겉에 발라진 마늘 소스도 맛있었다. 안창살이야 워낙 맛있는 부위니까 실패하지는 않을 듯.

♤ 특양 (19,000₩)
소의 첫 번째 위로, 터프하게 씹는 맛이 살아있는 부위. 추천 메뉴에 있어서 시켰고 괜찮긴 했으나, 다른 곳에서도 비교적 쉽게 먹어볼 수 있는 부위다 보니 굳이 여기서 시킬 필요는 없어 보인다.

♤ 벌집 (11,000₩)
이 날의 하이라이트! 소의 두 번째 위로, 정말 벌집처럼 생겼다. 초벌되어서 나오기 때문에 살짝만 구워서 먹으면 된다. 기본적으로 얇고 쫄깃한데, 주름 부분이 바삭하게 씹히기 때문에 식감이 상당히 재미있다. 먹은 것 중 하나만 고르라면 벌집이다.

♤ 호루몬 3종 (토시살+염통+특양) (20,000₩)
토시살을 먼저 굽고, 염통과 특양은 순서 상관없이 먹으면 된다. 구성에 특양이 포함되는 걸 알려 주셨으면 중복해서 시키지 않았을 것 같은데, 그 부분은 살짝 아쉽다. 토시살은 부드러우며 달달하게 양념이 되어 있다. 염통은 탄력있고, 선지를 연상시키는 피맛이 난다.

♤ 샌디가프 (9,000₩)
맥주와 진저에일을 섞은 칵테일로, 영국에서 만들어졌다고 한다. 청량감 있고 톡 쏘는 맛이 특징이다. 나같이 가볍고 시원한 스타일의 음료를 좋아하는 사람에게 잘 맞을 듯!

♤ 냉면 (5,000₩)
로바타탄요의 자매 식당답게, 탄요에서 나오는 닭뼈로 육수를 낸 냉면이다. 한국식 냉면보다는 일본의 모리오카 냉면에 가까운데, 새콤달콤하면서 육향이 진한 국물이 인상적이다. 면은 쫄면처럼 꽤 질긴 편이다. 냉면이 딱 내 취향과 맞아서 좋았다. 다만 양이 적어서 제대로 먹으려면 적어도 두 명당 한 그릇은 시켜야 할 것 같다.

♤ 곱창국밥 (12,000₩)
그릇 크기를 보고 '너무 적은 거 아닌가?' 싶었지만, 바닥에 곱이 가득 든 곱창이 푸짐하게 깔려 있어서 생각보다 가성비가 나쁘지 않다. 곱이 우러나오면서 나오는 걸쭉하고 고소한 국물맛이 매력적이다. 냉면만큼은 아니었지만 맛있게 먹었다.
--------
쉽게 접하기 어려운 특수 부위들을 먹을 수 있다는 것 자체로도 방문 가치가 충분한데, 심지어 맛있기까지 하다. 처음이라서 그리 적극적으로 모험을 하진 않았는데, 얼른 재방문해서 다른 메뉴들도 먹어 보고 싶다.

아쉬운 점이 없는 건 아닌데, 가장 크게 다가오는 것은 생소한 부위를 직접 구워야 하다 보니 진입장벽이 상당히 높다. 카운터 자리는 그래도 굽는 걸 꽤 봐 주시는데, 테이블에 앉다 보니 모니터링이 잘 안 되어서 잘 굽지 못한 부위들이 있다. 예를 들면 우설이나 토시살 같은 메뉴들. 자리가 불편하고 환기가 잘 안 되는 것도 개선이 되었으면 하는 부분.

다음 방문 때는 카운터 자리에 앉아서 먹어볼 계획!
.
★★★★","- 뭔지 모르겠지만 그냥 맛있네
- 분위기로는 2명이 가서 카운터에 나란히 앉아 구워 먹는 걸 추천!

4명이서 오늘의 추천메뉴(호루몬3종:토시살+염통+특양/양/ 안창살/벌집) 1인분씩과 우설3종(우설+미소탄+탄스지)을 더해 구이류 5인분에 곱창국밥과 냉면 주문했어요. 여성 기준으로 충분한 양이라 소식하는 분들은 식사류는 빼도 될 것 같아요ㅋㅋ

제법 다양한 부위를 먹긴 했지만, 아무것도 모르는 사람의 둔한 감각으로는 세세하게 구별하기 어렵더라고요. 전체적으로 맛있으면서도 의외로 어디선가 먹어본 듯한 맛이었는데 아마 완전 희귀한 부위들은 아니라 그런 것 같아요. 특히 맛있었던 건 우설 3종 중 고기처럼 도톰하게 썰려있던 것과 벌집!

식사류는 구이류에 비해 굳이 시킬 필요는 없을 것 같은 수준이었어요. 곱창국밥은 곱창이 많이 들어있지만 국물 맛이 아쉬웠고요. 냉면은 좀 많이 달달한 시판 냉면 같은 느낌이었습니다. 저는 냉면이 더 좋았어요ㅎㅎ

일반 고깃집도 잘 안 가는 편이라 특수부위를 이 정도 맛과 가격으로 먹을 수 있다는 게 얼마나 좋은 건지 전혀 감이 안 오지만 그냥 맛있게 잘 먹어서 만족합니다ㅋㅋㅋ
아쉬웠던 건 부위별로 어느 정도로 구워야 맛있는지 설명이 전혀 없었다는 점ㅠㅠ 근데 어떤 부위인지 말씀해주시는 것조차 알아듣기 힘들 정도로 사람에 비해 공간이 좁고 정신없어서 설명을 해준대도 알아들을 자신이 없긴 해요..."
"[닭갈비? 닭꼬치? 닭꼬얌!]

닭다리를 맛있는 조합으로 먹을 수 있다. 얇게 저민 양배추를 클러엘라, 치자 등등 우린물에 색을 곱게 입혀 나오는데 깻잎에 양배추 조금, 매콤 닭갈비 소스를 싸 먹으면 정말 맛있다. 채소를 싫어하는 사람도 맛있고 건강하게 먹을 수 있다.

절임무에 머스타드소스, 닭다리를 올려서 먹어도 좋고 흰색 절임무에 싸 먹어도 좋다. 사진으로 보면 양이 적은 것 같지만 먹자보면 배부르고 저 한조각이 3,4입 크기다. 제공되는 가위와 집게로 잘라서 먹으면 된다.

닭다리살 먹기 전 흑임자 닭죽이 나오는데 이것도 고소하니 맛있다. 식전죽이라 입맛을 돋우는 용도로 나오는 듯 하다.

2인이서 18,000원 이 가격에 닭다리살 쌈밥을 맛있게 먹을 수 있어서 좋고 배부르게 먹을 수 있다!

다만 닭껍질이 좀 딱딱하고 질긴데 이 부분만 좀 개선되면 좋을 것 같다. 먹을 때 살짝 이가 아팠다.. ㅠㅠ 중년의 부부가 운영하는 식당인데 두 분이 서로에게 장난치시면서 주문을 받는 모습이 귀였웠다. 다음에 또 방문할 예정! 다음에 붉고기쌈밥 도전!","닭쌈밥
: 제육쌈밥은 많이 들어봤어도 닭쌈밥음 처음이야!
구운 닭고기와 쌈과 양념과 잘게 다진 채소들이면 어디든 갈 수 있어-
뭔가 정갈하고 기운나게 하는 음식과 비주얼인듯.
맛도 있다. 강추.

닭꼬얌
: 닭+고구마+치즈 게임 끝.
약간 달달매콤한 소스까지 있었던 것 같은데
치킨과 피자를 같이 먹는 것 같다.
닭쌈밥은 강추라면 이건 게임 끝이다.

재방문 의사: 전메뉴.","닭양쌈 (18000)

건강하면서 적당한 간에 겉바속촉 식감을 놓치지 않은, 썩 괜찮은 맛. 주인 아주머니께서 음식에 대한 자부심이 무척 강하신데 그 만한 이유가 있다. 먹는법에 대해 섬세하게 이것저것 설명해주심. 알록달록한 저것들은 유채꽃 등 천연 재료를 활용해 물들인 양배추인데 깻잎과 직접 담근 무말랭이를 곁들여 먹으면 근사한 한입이 된다. 가게도 넓고 전반적으로 깨끗했으며 밑반찬과 함께 나오는 흑임자죽도 정갈하니 아주 좋았다. 다음 번에는 부모님 모시고 갈 생각"
"맛은 정말 괜찮다.
가격도 220g에 이 가격이면 괜찮고 맛도 솔직히 훌륭한편이며 사이드메뉴도 깔끔하면서 맛있어서 너무 좋다.
너어어어무 아쉬운게 서비스가 너무 엉망이다. 요즘 고기집에 어서오세요! 하고 다같이 인사하는집도 많지만 솔직히 맛집이면 그런거 없이도 맛만 좋으면 그만이라고 생각한다. 하지만 주문 순서대로 고기를 내어오지도 않고 부를 종업원도 없고 친절하지도 않고 고기 타는데도 그냥 다른 손님 받느라 바쁜곳을 다시 방문하기는 쉽지 않을것 같다.
맛은 너무 훌륭했는데 너무 아쉽다.","가로수길 하면 온달집? 아니다. 이제는 은화계라고 정정해야 된다 사실 너무 유명해져서 웨이팅 심해지는건 싫지만 맛있는건 다들 알아야 하잖아요..?ㅠㅠㅠ 닭고기 러버로서 인정하는 찐 닭구이 맛집입니다 촉촉하고 부드러움 끝판왕이거등여;;;; 다들 저장 하세요!!!!!
.
소금구이 2인분을 먼저 시켰는데 양이 적어 1인분을 추가 주문했어요 두명이서 가시면 처음부터 그냥 3인분 주문하시는걸 추천..^^...ㅎㅎㅎ 고기 자체는 진짜 겉빠속촉 그자체에요 겉에는 닭껍질 덕에 기름 좔좔이고 속에는 완전 부들부들 촉촉.. 근데 숯불에 구워서 그냥 미친맛.. 술을 부르는맛..네... 태진아 달렸어요...ㅎㅎㅎㅎㅎ
.
유자토마토 절임은 느끼할 때쯤 입가심용으로 한두개 주서 먹기 좋고 모듬 채소구이도 처음부터 같이 시켜서 닭구이랑 같이 먹으면 사진찍는 비주얼도 굳.. 전 다시 가면 채소구이는 무적권 재주문 입니다!!!! (토마토는 호불호 있을듯해여)
.
무뼈닭발은 양념이 은근히 매콤했고 쫄깃했고.. 뭐 닭발을 숯불에 구웠는데 말해뭐해 아닙니까????
.
비빔국수엔 단무지나 김치 류가 안들어가서 자극적인 국수를 상상하고 시키시면 조금 심심할수도 있어요,, 참기름 매니매니 뿌려진 꼬소한 너낌의 국수 라고 생각하시고 시키셔야 해요!
물론 저는 맛있어서 싹싹 긁어먹었답니다,,,ㅎㅎㅎㅎ","4.4/5

닭고기가 이럴수 있다니‼️감탄만 하면서 먹은 곳

친구가 예전에 한 번 먹고 계~속 칭찬하길래 저도 한 번 가봤습니다. 알고보니 요새들어 꽤나 핫한 집이더라구요.


주말 5시30분쯤 갔는데 이미 식당은 꽉 차 있고 웨이팅도 3팀 정도 있었어요. 한 30분 정도 기다린것 같아요.

2인은 바?자리에 안내해주더라구요. 둘이서 소금숯불닭구이2인분, 양념숯불닭구이1인분, 비빔국수 1개 시켰어요.


초벌해서 나오고 숯불에 한 번 더 구워주셔요. 소금구이는 고기가 엄청 촉촉하고 부드러워요ㅠㅜ 간도 짭쪼름하니 진짜 맛없을 수가 없는 맛......!!!! 사실 처음 나왔을 때 양이 너무 적어서 가성비가 너무 구리다고 생각했는데 한 입 먹고 그냥 바로 수긍.. 소금구이 진짜 맛있어요.
양념숯불구이 양념도 적당히 매콤하고 생각보다 간이 안 쎘어요. 근데 얘도 진짜 맛있었어요. 저는 양념이 더 맛있었어요.....

그리고 여기 찐은 비빔국수에요.... 살짝 간장? 같은 양념에 김, 닭고기 살짝 들어있는뎈ㅋㅋㅋㅋ진짜 엄청엄천엄청엄청 맛있음!!!!!!!!!!!!!! 비빔국수 강추강추 솔직히 비빔국수만 따로 팔아도 자주 갈 것 같아요.

재방문의사 완전 있다!! 강추강추"
"정말 어디 가서 못 먹어본 칼국수 맛이다.
멸치와 가쓰오부시 맛 칼국수인데
처음에는 조금 밍밍한가 싶지만
먹을수록 깊은 맛..
다음 날 생각 나는 맛
평소 김치를 별로 좋아하지 않지만
여기 김치 맛은 정말 일품
갓김치까지 내어주고 김치플레이팅 마저 완벽..","속이 더부룩하지 않은 칼국수 한 그릇의 미학
.
서초구에는 법조계에 종사하시는 분들이 많은데요.
.
이 동네에서는 터줏대감으로 유명한 칼국수 전문점이 있습니다.
메인메뉴는 칼국수와 빈대떡 딱 두 가지 메뉴로만 운영되고 있는 독특한 가게입니다.
.
칼국수면에 해초가 들어가 색이 녹색인것도 특징 중 하나입니다.
.
밀가루음식임에도 불구하고, 속을 편안하게 해주는게 매력인 음식입니다",후기가 싱겁다는 평이 많아서 살짝 걱정했는데 전혀 ..! 아니면 사장님이 간을 조금 넣으신건지는 몰라도 별로 싱겁지 않았어요 국물이 버섯맛이 강하고 익숙한 듯 익숙하지 않은 맛이라 신기했어요 빈대떡도 맛있고 먹고 난 후에 속이 편해서 좋았어요
"남성렬 셰프님이 오픈한 제철 수산물이 주재료인 한식당으로, 창의적이고 위트있는 한식의 터치가 신선한데다, 맛도 훌륭했던 저녁이었다. 요즘 유행하는 바 자리가 있고, 1층에 4인 테이블 2개와 2층 룸으로 이루어져 있다. 룸은 맡김차림만 예약 가능.
 
디너 코스와 흡사한, 맡김차림 8만원 메뉴를 주문했는데 양이 무척 많은 편이다. 지인들이 대식가인대도 불구하고, 마지막에 서빙된 메뉴는 다 먹지 못하고 남길 정도였다. 하지만, 주류 가격이 비싼 편으로, 음식 가격 대비 다소 부담스러운 가격대다. 콜키지는 5만원.
 
신선한 제철 해산물을 다양하게 맛볼수 있어서 좋았고, 재료 본연의 맛을 잘 드러내면서도 소스의 깊고 개성있는 맛과 잘 어우러져서  좋았다. 참기름장, 된장소스, 들기름, 부추 페스토 등 항상 먹는 식재료임에도 남성렬셰프님의 킥이 있어 그 맛이 남다르게 느껴졌다.
 
또한, 잔멸치가 토핑된 리코타치즈, 들기름 카펠리니 등 어울릴 것 같지 않은 동양과 서양의 식재료의 기가 막힌 조합도 인상깊었다.
 
철에 따라 맡김차림의 메뉴도 달라져서, 계절이 바뀔때마다 들르고 싶은 곳이다. 주류 가격은 다소 부담되지만 맡김차림의 경우 다양한 코스와 양을 생각하면 가성비가 정말 좋은 편인것 같다.
 ","*7월 밋업 어물전 청*

망고걸 리스트에서 보고 찜해뒀는데 마침 밋업이 열려서 방문. 생각했던 느낌이랑 조금 달랐던 면도 있고 한데, 꽤 만족스러운 한끼 식사였다. 우선, 가장 기억에 남는 것은 기름을 잘 쓴다는 것과 고기를 잘 굽는다는 것... 아쉬웠던 건 무조건 메뉴가 2인씩 나오고 쉐어링하게 나온다는점?

웰컴푸드는 아귀간 아이스크림인데 사진으로 보면 꽤 커보이지만 정말 정말 작다. 아이스크림에 초코 들어있는 꼬다리 부분 크기? 비가와서 그런지 룸에서 먹어서 그런지 콘이 눅눅한게 아쉽긴 햇지만 기름을 적재적소에 잘써서 향긋했고, 그래서 일식이 아니라 한식이라는 느낌이 들었다.

기본안주 느낌으로 제공되는 보리막장과 배추, 들기름. 맛있다는 얘기를 들어서 기대했는데 술을 안마셔서 그런가 그냥 그저그랬다 ㅎㅎ 메뉴들이 전반적으로 안주 느낌이 강하고 끊임없이 나와서 술 많이 먹을거면 여기 정말 괜찮을듯 ㅎㅎ

첫 메뉴는 덕자회와 쌈장, 곰취였는데 덕자는 고급 병어라고 한다. 처음 먹어봤는데 회도 맛있고, 무엇보다 저 쌈장이 상큼한 맛이라서 예상했던 것과 다른 느낌이라서 신선하고 좋았다. 하지만 말했듯이 모든 메뉴가 2인 기준으로 나오기 때문에, 사진은 대체로 2인분이라고 생각해야 한다... (회가 부족했다는 건 아님) 이게 꼭 나쁜건 아닌데 코시국이고 인당 10만원 가까운 코스를 먹는데 1인당 접시가 안나오는 거랑, 메뉴변경을 강제당하는 느낌도 있어서 아쉬웠다...

다음은 문어숙회와 된장초장. 이것 역시 상큼한 요리. 회나 생선류 식당은 자칫하면 일식 느낌이 나기 쉬운데, 된장으로 초장을 만든게 또 신선했다. 예전 파스타 오마카세에서 먹은 카르파치오 생각도 나구...문어는 엄청 쫄깃했다.

카펠리니 면과 단새우는 들기름 국수 느낌이 강했다. 이것도 파스타집에서 먹었던 메뉴랑 플레이팅이나 느낌이 비슷했다. 파스타긴 한데 약간 소면 느낌도 나고... 맛있어서 다음날 들기룸 국수 해먹었다. 단새우는 생각보다 달지 않았어서... 굳이 이 조합이어야 하나? 하는 생각은 있다.

“지옥에서 올라온 생선”… 같이 생긴 것은 병어 짚불구이. 단품으로 추가한 메뉴인데 비주얼이 정말 끝내준다. 겉이 정말 파삭하게 익어서 식감도 좋고, 정말 잘 구워진 병어이다. 늘 병어는 조림으로 먹다가 이렇게 먹으니 느낌이 색달랐다. 사실 나는 민어전도 맛있긴 했는데 병어도 맛있어서... 둘 중 하나만을 골라야 한다면 어느 것을 골라야 한다고 말하기 어렵다 ㅠㅠ 민어전은 기본인데 위에는 부추페스토 같은 것이 올려져 나온다. 근데 전이라기보다는 튀김에 가까운 느낌이라 늘 먹던 생선전이랑은 또 느낌이 다르다.

이쯤되면 뭔가 코스가 마무리되는거 아닌가? 싶은데 뒤로 계속 나온다. 조금 아쉬웠던 건 우리가 술을 안시켜서 그런지 음식이 정말 물밀듯이 들어왔다는 것...? 코스는 좀 여유롭게 먹는 것도 장점인데 앞에 디쉬를 다 먹지도 않았는데 음식은 계속 나오고 테이블 자리는 다 차고 하니 좀 혼란스러웠다... 오징어 순대 속에는 오이가 들어있는데 난 오이를 좋아하지만 오이는 호불호가 많이 갈리는 식재료라서 굳이 여기에? 하는 느낌이 좀 들긴 했다. 옆에는 쌈장? 초리조? 라구 하셨나... 잘 기억이 안난다... 어쨋든 약간 고기맛을 더해주는 소스였다.

이날의 하이라이트는 웃기게도 한우 채끝 구이였다 ㅋㅋㅋ 분명 여기 해물 전문이라고 했던 것 같은데... 왜 때문에 고기가 제일 맛있는 것...? 겉은 갈비 양념을 살짝 해서 태우듯이 구웠다. 그래서 겉이 파삭하고 튀긴 느낌도 난다. 정말 겉바속촉+육즙팡팡의 정석... 갈비와 스테이크의 아쉬움을 잘 보완한 요리랄까! 그리고 옆의 소스는 토와젓인데 저게 의외로 고기랑 정말 잘 어울린다. 약간 새콤매콤하고... 뭐야 이거 스테이크 아냐? 라고 할 뻔한 걸 다시 한국으로 끌어오는 맛. 어쨋든 다음에 가게 된다면 이건 단품으로라도 꼭 시킬것 같다. 기본 육류 메인은 오겹살 수육인데 사실 이건 그냥 무난무난했음...

그리고 진짜 이젠 좀 가벼운게 나오겠지 했는데 새우버거가 나왔다. 새우패티가 두껍게 들어있는게 아주 탐스러워 보였는데 배불러서 그런지... 간이 내 입맛에 너무 세게 되어 있어서 그런지 조금 아쉬웠다.

마지막은 바지락술국이 나왔는데 아 여기 완전 술집이네~~ 하는 구성이랄까. 진로소주랑 같이 먹었으면 몇병은 마셨을것같당... 이날은 술을 안마셨지만 ㅠㅠ

디저트는 벌꿀집이 올라간 크로플이랑 멜론이었다. 크로플 자체는 평범한 편이었는데 벌꿀집이 진짜 달아서 맛을 훅 살려줬다. 메론은 그냥 입가심으로 좋았음!

총평하면, 술 많이 마시고 싶을때 오면 좋을 것 같당!","어물전청 재방문의사★★★★★

너무너무 괜찮은 코스요리를 간만에 먹었다!!
압구정 치고 너무나 괜찮은 코스 가격... 인당 8만원.. 메뉴 하나하나 너무 맛있었는데
특징이라면 음식들이 하나같이 굉장히 안주스러웠다(?)
세명이서 화이트와인 두개를 들고가서 콜키지를 했는데 한병만 가져갔으면 큰일났을뻔ㅋㅋㅋㅋㅋ 두병 전부 맛있게 싹비우고 왔다.. 그리고 음식값이 생각보다 저렴한대신 술값이 굉장히 비싼것 같으므로 와인이나 사케드실거면 5만원내고 콜키지하는게 훨씬 나은것같다

맨처음에 나왔던 아구간도 부드럽고 구수하다 모양을 아이스크림 콘모양으로 줘서 너무나 귀여움...♡

그리고 전갱이 회를 멸치막장이랑 같이 줬는데 멸치막장도 꼬숩고 뭣보다 전갱이회 상태가 생각보다 괜찮아서 좋았다

부라따치즈에 멸치를 올린 메뉴가 나왔는데... 너무나 와인안주인것!! 술이 술술술....

그리고 오늘의 ☆1군☆ 단새우 카펠리니!!! 이거 너무 맛있어서 친구들이랑 ""재방문하면 인당 한그릇씩 시켜먹고싶다""고 주접을 떨어버렸다.. 새우 상태도 좋아서 넘 달달하고 들기름을 정~~말 좋은걸 쓰시나보다 들기름 향이 이야....bb 들기름을 그렇게 좋아하지않는데!! 들기름 향이 너무 좋고 들깨도 적당히 톡톡 들어간게 정말이지 최고...(가끔 면요리에 들기름 듬뿍에 들깨 와글와글 넣어주는곳들이있는데... 뭐든지 적당한 선을 찾는것이 최고인거같다...끄덕끄덕..) 레몬이 같이 나오길래첫젓가락은 그냥 먹고 두번째젓가락은 레몬쀼려먹었는데 각각 다른 재미로 맛있구용..

단새우 카펠리니에 이어 나와버린 또 다른 ☆1군☆ 참다랑어... 참다랑어를 아보카도를 섞고 위에는 망고를 올려줌 근데 그걸 김에 싸먹으래서 김에 싸먹는데 먹다보니 바삭한 크런치 씹힘! 아마 쌀을 튀긴거가튼데.. 튀김을 넣은것에 100점 주고싶습니다... 참치+아보카도 조합은 이미 검증된 조합이지만 망고가 올라갓대서...망고....(???) 망고...(???) 너무 달고 튀지 않을까?? 햇지만...너무나 부드럽게 잘어울리고 맛있습니다 무슨일~

백골뱅이는 엄청나게 실한 골뱅이가 나와서 놀라버렸지만 엄청 특별한 맛은 아니었고... 그냥 맛있는 골뱅이...? 하지만 미나리랑 같이 찍어먹은 간장... 간장이 너무 맛있었다 간장을 잘쓰시는듯

아 코스에서 코스 두개는 메뉴를 선택을 해야하는데 인당 다른 메뉴를 고를수는 없고 2인에 한메뉴씩 고를수 있다고 해서 우리는 3명이 간거라 2개를 골를수있었다
민어+병어구이 그리고 오겹+한우채끝을 골랐는데
민어랑 오겹은 그냥저냥 맛있는 메뉴였고
병어구이랑 한우채끝이 정말 너무맛있었다 구워져나온 상태도 환상이었지만 둘다 구울때 바른 소스가 너무 맛있는듯.. 밖에서 소고기먹는걸 그렇게 좋아하지 않는데 오랜만에 맛있는 생선구이와 한우구이를 먹었다ㅜㅡㅜ

아 그리고 사람들이 단품으로 시켜먹으라던 감자전도 어떻게 구운건지 인절미마냥 쫄깃하면서ㅋㅋㅋㅋ 겉은 그렇게 바삭한지... 그리고 김으로 만든 소스를 같이 주시는데 그것도 별미임..

10시에 식당문을 닫는게 더 먹지 못해서 아쉬운건 처음이었던거같다ㅜ.ㅜ 마지막으로 완주벌꿀이 올라간 크로플을 먹으니 딱 10시가 되어버려서 식당을 나섬..
오랜만에 너무너무 괜찮은 코스요리를 먹어서 행복 max 찍어버리고 재방문 의사 완전완전 ★★★★★"
2인 세트 냉장어수육 새로운 맛 구이도 훌륭,"논현장어..

가성비면에서는 거의 최고라 생각하는 집..
장어를 좋아하는데 강남 인근의 유명한 집들은 가격의 부담감이 있어서 배터지게 먹고 오기가 쉽지 않은데 논현장어는 가격이 조금 괜찮아서 1차부터 달리기에 좋다.

다 구워주시고 잘라주시고..그냥 술 마시면서 구경하다가 다 구워주시면 먹으면 된다.

잘 익은 장어를 잘라서 예쁘게 정렬시켜 주셨는데 친구들이 사진 찍을 짬 조차 허락해주지 않는다.

처음에 장어를 올려주실 때 대가리도 같이 있는데 그게 살아서 한동안 움직여서 좀 징그러웠는데..그것도 잠깐이고 그냥 폭풍흡입했다.

장어 많이 먹고 싶은 날 가면 좋은 집!","700g
나는 장어를 좋아하지 않지만
같이간 ㅅㅇ이가 밋있다 헸다"
